estudiante_id,nombre,genero,programa_academico,edad,puntaje_saber11,promedio_acumulado,materias_reprobadas
1,Estudiante 1,MASCULINO,ADMINISTRACION DE EMPRESAS,17,400.85105560593286,2.1463206155042336,1
2,Estudiante 2,FEMENINO,DERECHO,23,281.5373353813051,3.1020839309747847,0
3,Estudiante 3,FEMENINO,PSICOLOGIA,23,190.86535749573295,2.8102224806295117,0
4,Estudiante 4,FEMENINO,INGENIERIA DE SISTEMAS,32,298.6422750016889,2.9096402701339654,1
5,Estudiante 5,MASCULINO,PSICOLOGIA,30,296.7134934081539,3.3369078180322083,0
6,Estudiante 6,MASCULINO,INGENIERIA DE SISTEMAS,32,350.0273355385885,3.1401026740742615,1
7,Estudiante 7,MASCULINO,MEDICINA,28,312.9656806527467,2.8002572636844163,0
8,Estudiante 8,FEMENINO,INGENIERIA DE SISTEMAS,34,262.47741674520887,2.230495060860064,0
9,Estudiante 9,FEMENINO,ADMINISTRACION DE EMPRESAS,20,287.112365692645,3.681386783088586,0
10,Estudiante 10,FEMENINO,DERECHO,27,314.73388972429444,3.9516963282850837,1
11,Estudiante 11,MASCULINO,MEDICINA,16,202.58785873603154,3.261953012603376,0
12,Estudiante 12,FEMENINO,INGENIERIA DE SISTEMAS,20,360.2379780475703,3.3405345821274337,1
13,Estudiante 13,FEMENINO,PSICOLOGIA,23,262.5973551387901,3.501686309411674,1
14,Estudiante 14,MASCULINO,MEDICINA,28,363.7669719426428,4.447270145967351,0
15,Estudiante 15,MASCULINO,MEDICINA,23,317.6609313506965,2.559375323704537,1
16,Estudiante 16,MASCULINO,INGENIERIA DE SISTEMAS,26,328.33173613772885,3.2513061644764583,0
17,Estudiante 17,MASCULINO,MEDICINA,16,351.72405462005725,2.4668162215203684,0
18,Estudiante 18,FEMENINO,PSICOLOGIA,28,325.79094237116243,3.7173910752413355,3
19,Estudiante 19,MASCULINO,MEDICINA,34,330.2798797342853,3.413624963727193,0
20,Estudiante 20,MASCULINO,PSICOLOGIA,18,292.60126017923784,3.6217952677616463,0
21,Estudiante 21,FEMENINO,INGENIERIA DE SISTEMAS,32,316.74759066624426,3.591873537554646,1
22,Estudiante 22,MASCULINO,DERECHO,20,273.56259832627154,4.094424952222109,1
23,Estudiante 23,MASCULINO,MEDICINA,23,284.54650051854145,3.8228797787410795,3
24,Estudiante 24,MASCULINO,DERECHO,29,388.4112771586009,3.9983047745960523,0
25,Estudiante 25,MASCULINO,PSICOLOGIA,19,263.63128867273105,2.8606791860618337,0
26,Estudiante 26,FEMENINO,MEDICINA,26,306.94427069863264,4.215902518985087,0
27,Estudiante 27,MASCULINO,ADMINISTRACION DE EMPRESAS,30,305.10610665219644,3.0665823563066,0
28,Estudiante 28,FEMENINO,DERECHO,34,286.016048769864,3.101078274425612,0
29,Estudiante 29,FEMENINO,MEDICINA,22,323.1480421456697,3.6625055464117966,0
30,Estudiante 30,MASCULINO,DERECHO,34,326.53749417336223,3.6811509578295656,1
31,Estudiante 31,FEMENINO,MEDICINA,34,258.3381367583589,2.856885918660513,0
32,Estudiante 32,MASCULINO,INGENIERIA DE SISTEMAS,26,304.5610520195948,3.3960324249356617,1
33,Estudiante 33,MASCULINO,DERECHO,20,251.29346975524393,4.392941190121686,0
34,Estudiante 34,FEMENINO,ADMINISTRACION DE EMPRESAS,20,335.4846878242785,2.618998063079543,0
35,Estudiante 35,FEMENINO,ADMINISTRACION DE EMPRESAS,23,307.94192896631813,4.391131544607636,1
36,Estudiante 36,FEMENINO,PSICOLOGIA,25,303.7048449022689,3.354980929150106,0
37,Estudiante 37,MASCULINO,MEDICINA,21,329.6564106992581,2.097347099938908,1
38,Estudiante 38,MASCULINO,DERECHO,30,287.60203692892196,2.679960959910256,1
39,Estudiante 39,FEMENINO,PSICOLOGIA,31,341.1309881648192,2.921913477358884,1
40,Estudiante 40,MASCULINO,DERECHO,32,257.3199807259739,3.1256424195303545,0
41,Estudiante 41,MASCULINO,MEDICINA,23,363.53444335025375,3.437172044824797,0
42,Estudiante 42,FEMENINO,ADMINISTRACION DE EMPRESAS,23,275.20899678503156,1.877911922143057,0
43,Estudiante 43,MASCULINO,INGENIERIA DE SISTEMAS,24,223.67194195369854,3.6120826354865923,0
44,Estudiante 44,FEMENINO,ADMINISTRACION DE EMPRESAS,17,285.2159291191771,2.8669456950050694,0
45,Estudiante 45,MASCULINO,PSICOLOGIA,30,280.1114311235606,4.334313542960635,2
46,Estudiante 46,FEMENINO,INGENIERIA DE SISTEMAS,33,284.87667062324834,3.3378939675536152,0
47,Estudiante 47,MASCULINO,PSICOLOGIA,18,310.4241606967792,4.065707703039638,0
48,Estudiante 48,FEMENINO,MEDICINA,32,349.40290623997225,4.166209387948576,0
49,Estudiante 49,FEMENINO,INGENIERIA DE SISTEMAS,19,291.37323387462885,4.14996394607973,1
50,Estudiante 50,MASCULINO,PSICOLOGIA,19,268.87720935814946,3.1601559542225086,2
51,Estudiante 51,FEMENINO,MEDICINA,29,249.30539344722914,3.1524799053672057,1
52,Estudiante 52,FEMENINO,ADMINISTRACION DE EMPRESAS,24,278.93177439109303,3.365016020427011,0
53,Estudiante 53,FEMENINO,MEDICINA,24,215.04788223373413,3.881742425227355,0
54,Estudiante 54,FEMENINO,DERECHO,33,267.36901079176374,3.193582838147502,0
55,Estudiante 55,FEMENINO,MEDICINA,25,355.9824253137984,3.4284425158458514,0
56,Estudiante 56,FEMENINO,MEDICINA,19,262.94883579397094,3.6641562898036697,0
57,Estudiante 57,MASCULINO,DERECHO,27,328.2922137360137,2.95706484437128,1
58,Estudiante 58,MASCULINO,PSICOLOGIA,23,244.80830595861795,2.9191350270025294,0
59,Estudiante 59,MASCULINO,PSICOLOGIA,17,379.69931546897493,3.4050416711576057,0
60,Estudiante 60,MASCULINO,MEDICINA,28,382.69230298791194,3.4845072889709847,1
61,Estudiante 61,MASCULINO,DERECHO,31,326.59597004519446,3.7603312880009856,2
62,Estudiante 62,MASCULINO,DERECHO,17,389.6063670739585,3.9031319449709336,1
63,Estudiante 63,FEMENINO,ADMINISTRACION DE EMPRESAS,26,316.0106838717448,2.840562307657011,0
64,Estudiante 64,MASCULINO,PSICOLOGIA,25,334.58327013673,3.012749040833861,1
65,Estudiante 65,MASCULINO,INGENIERIA DE SISTEMAS,30,356.78702445291907,2.9175486274621387,0
66,Estudiante 66,FEMENINO,PSICOLOGIA,32,308.08733038943024,4.347468440954853,0
67,Estudiante 67,MASCULINO,PSICOLOGIA,23,230.14301422867226,3.427837645878479,0
68,Estudiante 68,FEMENINO,ADMINISTRACION DE EMPRESAS,33,335.5033509855479,3.509677577147013,1
69,Estudiante 69,MASCULINO,INGENIERIA DE SISTEMAS,24,278.7663182504941,3.5346646184081076,1
70,Estudiante 70,FEMENINO,ADMINISTRACION DE EMPRESAS,23,282.11115805700433,3.0705979917694166,1
71,Estudiante 71,FEMENINO,INGENIERIA DE SISTEMAS,29,313.405271241541,4.438561711367618,0
72,Estudiante 72,MASCULINO,MEDICINA,33,325.48263958728165,3.746615992891237,1
73,Estudiante 73,MASCULINO,INGENIERIA DE SISTEMAS,27,306.7560585302798,3.523754317866769,0
74,Estudiante 74,FEMENINO,ADMINISTRACION DE EMPRESAS,34,328.6078291270789,2.8368461473096604,0
75,Estudiante 75,FEMENINO,PSICOLOGIA,29,268.19142896729113,2.802840505006253,1
76,Estudiante 76,FEMENINO,INGENIERIA DE SISTEMAS,32,298.07832923745224,3.314655481036539,1
77,Estudiante 77,FEMENINO,INGENIERIA DE SISTEMAS,18,338.2088452702892,3.080004923856902,0
78,Estudiante 78,MASCULINO,DERECHO,22,379.77560293965223,2.859533392672069,1
79,Estudiante 79,MASCULINO,PSICOLOGIA,32,395.6896015037944,3.277425188257067,2
80,Estudiante 80,MASCULINO,MEDICINA,27,319.4839507227479,3.3701431830344664,0
81,Estudiante 81,FEMENINO,ADMINISTRACION DE EMPRESAS,24,337.80044220355234,3.585071252276162,0
82,Estudiante 82,FEMENINO,MEDICINA,30,389.1710624166836,3.1976483171754424,2
83,Estudiante 83,MASCULINO,PSICOLOGIA,33,269.8123783469928,2.895439583203981,0
84,Estudiante 84,MASCULINO,INGENIERIA DE SISTEMAS,28,328.33649337206623,2.9162474684052517,0
85,Estudiante 85,MASCULINO,INGENIERIA DE SISTEMAS,23,334.57543272687656,4.227783637535713,1
86,Estudiante 86,MASCULINO,PSICOLOGIA,29,365.1537646234535,2.7489453881829546,0
87,Estudiante 87,FEMENINO,INGENIERIA DE SISTEMAS,23,248.82863787587002,3.7179093789747624,0
88,Estudiante 88,FEMENINO,INGENIERIA DE SISTEMAS,29,257.7267397289767,3.8117277978646373,1
89,Estudiante 89,FEMENINO,INGENIERIA DE SISTEMAS,22,300.96219949971174,3.427234714498599,1
90,Estudiante 90,MASCULINO,ADMINISTRACION DE EMPRESAS,27,316.9977448044736,4.5606974350431075,0
91,Estudiante 91,MASCULINO,ADMINISTRACION DE EMPRESAS,26,350.52887791802135,3.8010313958166195,2
92,Estudiante 92,FEMENINO,DERECHO,26,323.2894699115522,4.60574182898279,0
93,Estudiante 93,FEMENINO,MEDICINA,28,293.1864046450372,3.1093615988510765,0
94,Estudiante 94,FEMENINO,PSICOLOGIA,33,318.74076501402635,3.119632754063949,0
95,Estudiante 95,FEMENINO,PSICOLOGIA,17,313.5470014323503,3.816522295208009,1
96,Estudiante 96,FEMENINO,PSICOLOGIA,30,378.5257393494505,3.3431206176084785,0
97,Estudiante 97,FEMENINO,DERECHO,33,307.454652460584,4.511399254935211,0
98,Estudiante 98,MASCULINO,ADMINISTRACION DE EMPRESAS,30,282.7612463901346,3.705020230178562,0
99,Estudiante 99,MASCULINO,DERECHO,34,320.23240635323236,2.8732554680859708,0
100,Estudiante 100,MASCULINO,PSICOLOGIA,27,308.93183937023394,2.4579101548735847,0
101,Estudiante 101,MASCULINO,MEDICINA,28,229.30529899463977,3.453056844594041,0
102,Estudiante 102,FEMENINO,INGENIERIA DE SISTEMAS,26,299.2956572270024,3.44652612228006,1
103,Estudiante 103,MASCULINO,ADMINISTRACION DE EMPRESAS,20,295.46677895672974,3.6882595539850325,0
104,Estudiante 104,FEMENINO,ADMINISTRACION DE EMPRESAS,16,275.5257660399308,4.226414344253541,2
105,Estudiante 105,FEMENINO,DERECHO,18,346.60124794303374,4.147467982396356,0
106,Estudiante 106,MASCULINO,ADMINISTRACION DE EMPRESAS,34,264.64441815246016,3.1526593805981404,0
107,Estudiante 107,MASCULINO,PSICOLOGIA,22,320.5028378786042,2.723708358917347,0
108,Estudiante 108,FEMENINO,PSICOLOGIA,27,293.34643500703214,2.7595273189945577,0
109,Estudiante 109,MASCULINO,DERECHO,30,304.8462752541052,3.057918976807173,0
110,Estudiante 110,MASCULINO,PSICOLOGIA,20,318.53038309706403,3.2799610711765883,1
111,Estudiante 111,MASCULINO,MEDICINA,30,241.15915272490494,3.6830372833791003,0
112,Estudiante 112,MASCULINO,DERECHO,23,308.62474012806524,3.019419441862412,0
113,Estudiante 113,FEMENINO,MEDICINA,25,403.0026370370943,3.6682351826679884,0
114,Estudiante 114,FEMENINO,INGENIERIA DE SISTEMAS,31,229.94564943545743,3.717224087515431,1
115,Estudiante 115,FEMENINO,MEDICINA,23,297.40764163280227,3.5860063295575335,2
116,Estudiante 116,FEMENINO,INGENIERIA DE SISTEMAS,16,350.54576961707187,2.822826201792383,0
117,Estudiante 117,FEMENINO,INGENIERIA DE SISTEMAS,27,313.57286615791185,3.780696035141575,2
118,Estudiante 118,MASCULINO,MEDICINA,20,330.9585128452215,4.748761777260034,1
119,Estudiante 119,FEMENINO,DERECHO,18,193.09502950083228,3.6475380961477426,1
120,Estudiante 120,FEMENINO,PSICOLOGIA,16,326.9212218583478,1.7281549396092382,0
121,Estudiante 121,FEMENINO,PSICOLOGIA,19,265.72403071948804,4.244527743228142,1
122,Estudiante 122,FEMENINO,INGENIERIA DE SISTEMAS,23,313.9444778062416,3.0783513339803683,0
123,Estudiante 123,MASCULINO,INGENIERIA DE SISTEMAS,18,298.6754371090729,4.859427614297415,0
124,Estudiante 124,MASCULINO,DERECHO,25,402.5249863122735,3.569818070819576,2
125,Estudiante 125,MASCULINO,ADMINISTRACION DE EMPRESAS,17,324.60128956946437,2.4891795836085047,0
126,Estudiante 126,MASCULINO,MEDICINA,26,294.93192768317465,2.261181506024749,1
127,Estudiante 127,FEMENINO,INGENIERIA DE SISTEMAS,25,232.06382583359004,4.423844457605528,0
128,Estudiante 128,FEMENINO,PSICOLOGIA,29,305.4516105832453,4.163542991550363,1
129,Estudiante 129,MASCULINO,DERECHO,22,337.045299525607,4.835611331460014,0
130,Estudiante 130,FEMENINO,MEDICINA,17,296.37516486813496,3.506554691344133,0
131,Estudiante 131,MASCULINO,DERECHO,24,277.24546380281515,3.4660820699721917,0
132,Estudiante 132,MASCULINO,MEDICINA,31,274.2336001269157,3.2703687247048654,1
133,Estudiante 133,MASCULINO,MEDICINA,28,324.08136459548945,3.1050258552444676,1
134,Estudiante 134,MASCULINO,INGENIERIA DE SISTEMAS,24,334.17245726891207,3.264542267325311,0
135,Estudiante 135,FEMENINO,DERECHO,19,361.25445518945037,3.630477999394418,0
136,Estudiante 136,MASCULINO,DERECHO,25,255.2250048055339,2.993659527852739,1
137,Estudiante 137,FEMENINO,PSICOLOGIA,27,323.66899012879276,2.49842639187561,2
138,Estudiante 138,FEMENINO,PSICOLOGIA,32,294.523322051196,3.5959259804085066,1
139,Estudiante 139,MASCULINO,INGENIERIA DE SISTEMAS,29,295.8494607915024,2.980282640783941,1
140,Estudiante 140,FEMENINO,INGENIERIA DE SISTEMAS,29,318.0821634315301,1.5563373650359587,0
141,Estudiante 141,FEMENINO,ADMINISTRACION DE EMPRESAS,17,318.34453141312264,3.8315404343942063,1
142,Estudiante 142,MASCULINO,PSICOLOGIA,26,323.7945647606208,2.835164577129783,0
143,Estudiante 143,FEMENINO,MEDICINA,31,252.41379635118855,3.897073672814441,2
144,Estudiante 144,MASCULINO,DERECHO,34,266.2584866775094,3.882708863909589,1
145,Estudiante 145,MASCULINO,INGENIERIA DE SISTEMAS,21,366.8640723982958,3.6701540069137,0
146,Estudiante 146,MASCULINO,DERECHO,34,290.0742389633622,4.998090704213897,0
147,Estudiante 147,FEMENINO,DERECHO,20,313.77064791080534,3.4171688900165735,0
148,Estudiante 148,FEMENINO,ADMINISTRACION DE EMPRESAS,19,347.45998404194336,3.328616259500847,1
149,Estudiante 149,MASCULINO,PSICOLOGIA,30,320.85493825623684,3.9102034528501504,0
150,Estudiante 150,MASCULINO,INGENIERIA DE SISTEMAS,19,324.59351839374176,3.4667315827317244,0
151,Estudiante 151,FEMENINO,DERECHO,25,340.25599556596904,4.196296122436405,0
152,Estudiante 152,MASCULINO,INGENIERIA DE SISTEMAS,18,204.750130759635,2.7387164554546866,0
153,Estudiante 153,MASCULINO,MEDICINA,20,277.9522430177759,2.7486953315213962,1
154,Estudiante 154,FEMENINO,ADMINISTRACION DE EMPRESAS,21,321.0872608424816,3.95948569479573,2
155,Estudiante 155,FEMENINO,MEDICINA,23,362.44399381759456,2.8011134363968377,1
156,Estudiante 156,MASCULINO,INGENIERIA DE SISTEMAS,22,302.9743001845098,3.8654591638656286,0
157,Estudiante 157,FEMENINO,INGENIERIA DE SISTEMAS,25,261.9877592209757,3.7220017077262195,0
158,Estudiante 158,FEMENINO,PSICOLOGIA,21,263.1861277675274,3.083307028383402,0
159,Estudiante 159,MASCULINO,DERECHO,29,339.77375415538836,3.7203020961400606,0
160,Estudiante 160,FEMENINO,DERECHO,19,290.2001887923651,2.7592445325294563,1
161,Estudiante 161,MASCULINO,MEDICINA,28,299.67599793943486,2.90006004424178,1
162,Estudiante 162,FEMENINO,ADMINISTRACION DE EMPRESAS,32,327.6763587197544,3.3576873569527605,1
163,Estudiante 163,FEMENINO,DERECHO,22,169.43143427878894,3.5473566914433325,0
164,Estudiante 164,FEMENINO,PSICOLOGIA,19,390.0165380178637,3.317816877807285,0
165,Estudiante 165,MASCULINO,MEDICINA,29,267.1016774227022,3.7598695783238667,0
166,Estudiante 166,FEMENINO,MEDICINA,18,310.88713662631073,3.7330798490289747,0
167,Estudiante 167,MASCULINO,PSICOLOGIA,20,223.2886343926678,4.4176200850088865,1
168,Estudiante 168,MASCULINO,ADMINISTRACION DE EMPRESAS,31,280.98565003177333,3.4428287917129974,1
169,Estudiante 169,MASCULINO,PSICOLOGIA,19,356.01096208642934,4.216738058710477,1
170,Estudiante 170,FEMENINO,ADMINISTRACION DE EMPRESAS,17,213.77247691503544,4.052435307736336,0
171,Estudiante 171,FEMENINO,PSICOLOGIA,33,350.67900392351135,4.876386369975888,2
172,Estudiante 172,MASCULINO,PSICOLOGIA,34,287.6836756695427,3.4236451880586354,0
173,Estudiante 173,FEMENINO,INGENIERIA DE SISTEMAS,34,321.92239980990865,3.247784767128207,0
174,Estudiante 174,MASCULINO,MEDICINA,32,329.58859860683,4.25461653334624,0
175,Estudiante 175,FEMENINO,PSICOLOGIA,29,319.86396747709165,3.7312595430447573,1
176,Estudiante 176,MASCULINO,PSICOLOGIA,34,261.0772206766128,4.26899553007034,0
177,Estudiante 177,FEMENINO,DERECHO,28,283.59528840592395,3.9300792787937002,0
178,Estudiante 178,MASCULINO,MEDICINA,27,234.2299720237133,2.235942745160303,0
179,Estudiante 179,FEMENINO,DERECHO,21,322.1308349214636,3.7257930662187095,1
180,Estudiante 180,MASCULINO,MEDICINA,19,376.59248193071664,3.686729538770894,0
181,Estudiante 181,MASCULINO,DERECHO,34,217.90016009955917,3.5798641414783776,1
182,Estudiante 182,MASCULINO,PSICOLOGIA,31,265.7259342237884,3.4206541675259703,0
183,Estudiante 183,FEMENINO,PSICOLOGIA,28,291.820112585268,2.5447138833234035,0
184,Estudiante 184,FEMENINO,INGENIERIA DE SISTEMAS,19,307.80036406710997,4.024506150342994,0
185,Estudiante 185,MASCULINO,DERECHO,32,339.5629335645492,3.7242610568560965,0
186,Estudiante 186,FEMENINO,ADMINISTRACION DE EMPRESAS,16,293.151000883905,4.161174018438454,0
187,Estudiante 187,FEMENINO,INGENIERIA DE SISTEMAS,33,285.78185730994574,2.5767466854348484,1
188,Estudiante 188,FEMENINO,DERECHO,32,349.64088177313835,3.804280693727161,1
189,Estudiante 189,FEMENINO,DERECHO,30,329.78980051784873,3.3592043974720625,2
190,Estudiante 190,MASCULINO,INGENIERIA DE SISTEMAS,26,324.2540089065494,3.5862728059553177,1
191,Estudiante 191,MASCULINO,PSICOLOGIA,28,305.06320702146513,3.3661042194914654,1
192,Estudiante 192,FEMENINO,DERECHO,16,344.2418494913936,3.826164756488078,1
193,Estudiante 193,FEMENINO,PSICOLOGIA,32,270.466077394638,3.4022761274050524,0
194,Estudiante 194,FEMENINO,INGENIERIA DE SISTEMAS,21,264.32875730162647,2.8688510449665863,0
195,Estudiante 195,MASCULINO,PSICOLOGIA,19,333.5745444091196,3.5518552512717148,1
196,Estudiante 196,MASCULINO,MEDICINA,31,226.87338138388913,3.3714952777187,0
197,Estudiante 197,FEMENINO,ADMINISTRACION DE EMPRESAS,30,304.1480779336419,3.44996382732267,0
198,Estudiante 198,FEMENINO,DERECHO,30,285.75487414818696,1.587313114375914,0
199,Estudiante 199,FEMENINO,ADMINISTRACION DE EMPRESAS,21,236.741037120617,3.9095816501412233,1
200,Estudiante 200,FEMENINO,PSICOLOGIA,30,258.0929589127681,3.3112018295919317,0
201,Estudiante 201,FEMENINO,DERECHO,29,295.09607584670925,2.6911078555890406,1
202,Estudiante 202,MASCULINO,PSICOLOGIA,26,346.528346542456,4.053538110108885,0
203,Estudiante 203,MASCULINO,MEDICINA,22,270.6168903933985,3.8818194366517584,0
204,Estudiante 204,FEMENINO,INGENIERIA DE SISTEMAS,24,354.6021629957247,3.3036078822350863,2
205,Estudiante 205,FEMENINO,DERECHO,31,302.84306524004325,2.8086983722879886,0
206,Estudiante 206,MASCULINO,MEDICINA,20,358.9673115976487,3.6068184408076234,0
207,Estudiante 207,MASCULINO,MEDICINA,25,272.79787760489785,3.5738636507525654,0
208,Estudiante 208,FEMENINO,DERECHO,33,297.8035685352584,4.054600569795069,0
209,Estudiante 209,MASCULINO,PSICOLOGIA,18,316.5817621501648,3.2337586910837057,1
210,Estudiante 210,MASCULINO,MEDICINA,28,291.92202917663195,4.216953280918998,1
211,Estudiante 211,FEMENINO,ADMINISTRACION DE EMPRESAS,26,342.8860866215356,3.1758481979985396,1
212,Estudiante 212,FEMENINO,MEDICINA,32,200.659632361938,2.692500929274547,0
213,Estudiante 213,FEMENINO,PSICOLOGIA,28,409.0082492455473,2.8206303467136316,0
214,Estudiante 214,MASCULINO,PSICOLOGIA,21,338.5998573147823,3.4625530765186308,0
215,Estudiante 215,FEMENINO,ADMINISTRACION DE EMPRESAS,32,292.19106769342426,3.4606912945647608,2
216,Estudiante 216,MASCULINO,MEDICINA,28,275.1455246890195,3.6967166844504655,0
217,Estudiante 217,MASCULINO,PSICOLOGIA,34,261.01107248481503,3.445775581328935,0
218,Estudiante 218,FEMENINO,DERECHO,34,329.05269633763817,4.086391109638598,1
219,Estudiante 219,FEMENINO,INGENIERIA DE SISTEMAS,25,344.7741750956559,3.3433435409224543,0
220,Estudiante 220,FEMENINO,INGENIERIA DE SISTEMAS,18,292.68632423415454,2.3022342410771506,0
221,Estudiante 221,FEMENINO,INGENIERIA DE SISTEMAS,29,349.8145685840326,3.4273419869205237,0
222,Estudiante 222,FEMENINO,MEDICINA,34,259.1732978957495,2.295932787340111,1
223,Estudiante 223,MASCULINO,ADMINISTRACION DE EMPRESAS,20,251.2285117505924,3.662834588598619,1
224,Estudiante 224,MASCULINO,PSICOLOGIA,20,381.6003542360497,4.13431579939095,0
225,Estudiante 225,MASCULINO,DERECHO,32,326.59988760923443,2.9082653082304883,2
226,Estudiante 226,MASCULINO,DERECHO,25,362.8581690815997,4.351134011835111,0
227,Estudiante 227,FEMENINO,MEDICINA,20,261.5727131225538,4.005698746837059,0
228,Estudiante 228,MASCULINO,INGENIERIA DE SISTEMAS,19,258.44135737040716,4.223888093249033,1
229,Estudiante 229,FEMENINO,MEDICINA,21,283.8625806244106,3.613738313860779,0
230,Estudiante 230,FEMENINO,ADMINISTRACION DE EMPRESAS,19,262.91735213074446,2.9043408945489078,4
231,Estudiante 231,FEMENINO,ADMINISTRACION DE EMPRESAS,22,331.7414344602803,3.968489256688483,0
232,Estudiante 232,FEMENINO,PSICOLOGIA,22,266.19932743831,3.125239455938996,0
233,Estudiante 233,FEMENINO,PSICOLOGIA,33,247.27485638697192,3.5707307036620133,0
234,Estudiante 234,FEMENINO,ADMINISTRACION DE EMPRESAS,18,306.39069355148547,3.397189404317829,0
235,Estudiante 235,MASCULINO,ADMINISTRACION DE EMPRESAS,16,241.95062208786538,4.174817514078137,0
236,Estudiante 236,FEMENINO,ADMINISTRACION DE EMPRESAS,19,219.0241230836075,3.9381962035539972,0
237,Estudiante 237,MASCULINO,MEDICINA,21,305.9965755237575,3.4516605210125775,0
238,Estudiante 238,MASCULINO,ADMINISTRACION DE EMPRESAS,24,221.28509806454053,2.329035683875908,0
239,Estudiante 239,FEMENINO,DERECHO,29,334.88757283329403,3.1188635200824795,0
240,Estudiante 240,MASCULINO,INGENIERIA DE SISTEMAS,27,237.20998231862418,3.92253337369065,0
241,Estudiante 241,FEMENINO,ADMINISTRACION DE EMPRESAS,19,199.16967961111135,3.6680661566279507,0
242,Estudiante 242,FEMENINO,INGENIERIA DE SISTEMAS,27,286.7791507436643,2.598066839352283,1
243,Estudiante 243,FEMENINO,MEDICINA,25,306.5067526483418,2.416047216518667,0
244,Estudiante 244,MASCULINO,INGENIERIA DE SISTEMAS,22,322.1163778656873,3.617305490094474,1
245,Estudiante 245,MASCULINO,MEDICINA,18,307.7407064557134,2.8657656993705345,0
246,Estudiante 246,FEMENINO,DERECHO,29,252.3309320497016,2.9235221234974538,0
247,Estudiante 247,MASCULINO,MEDICINA,25,332.0877531416972,3.9035646372695925,0
248,Estudiante 248,FEMENINO,MEDICINA,31,343.2062327915886,4.221343268249404,1
249,Estudiante 249,FEMENINO,PSICOLOGIA,31,245.74070421950077,3.049578783778221,1
250,Estudiante 250,FEMENINO,ADMINISTRACION DE EMPRESAS,25,291.85472376031737,3.473143815432696,0
251,Estudiante 251,MASCULINO,ADMINISTRACION DE EMPRESAS,28,287.6501987800941,3.455452000409384,0
252,Estudiante 252,MASCULINO,DERECHO,21,309.9171712254615,3.40147753718209,0
253,Estudiante 253,FEMENINO,DERECHO,27,290.7784293701651,3.524359085693779,0
254,Estudiante 254,MASCULINO,ADMINISTRACION DE EMPRESAS,24,296.94550025671606,3.9538993567040936,0
255,Estudiante 255,MASCULINO,PSICOLOGIA,28,328.8816988608761,3.095645391962243,0
256,Estudiante 256,FEMENINO,ADMINISTRACION DE EMPRESAS,19,249.87661051794902,2.58483347929036,1
257,Estudiante 257,FEMENINO,PSICOLOGIA,26,333.18179108673706,4.514005960162256,1
258,Estudiante 258,FEMENINO,DERECHO,33,351.3509729189063,4.15365315469403,0
259,Estudiante 259,FEMENINO,INGENIERIA DE SISTEMAS,26,373.5360747069991,2.837817277250361,0
260,Estudiante 260,MASCULINO,DERECHO,19,203.54847041381885,3.581379205265572,0
261,Estudiante 261,FEMENINO,DERECHO,33,291.7694254298152,4.106421298751666,1
262,Estudiante 262,FEMENINO,MEDICINA,16,211.5704741540885,3.9494263667156235,1
263,Estudiante 263,MASCULINO,MEDICINA,22,190.42213396022294,3.777207985957571,1
264,Estudiante 264,FEMENINO,MEDICINA,21,306.4841871423365,3.397863865044954,1
265,Estudiante 265,FEMENINO,MEDICINA,30,282.03816932173373,4.5363823550371745,0
266,Estudiante 266,FEMENINO,PSICOLOGIA,33,313.4932928296836,3.632515323475676,0
267,Estudiante 267,FEMENINO,ADMINISTRACION DE EMPRESAS,26,321.8757460539292,3.191024444407586,0
268,Estudiante 268,FEMENINO,INGENIERIA DE SISTEMAS,30,356.1553181148564,4.022645437307357,1
269,Estudiante 269,MASCULINO,DERECHO,31,302.4264191387601,3.5576351851708523,0
270,Estudiante 270,MASCULINO,PSICOLOGIA,22,431.55100277935895,3.7098786363521734,0
271,Estudiante 271,FEMENINO,INGENIERIA DE SISTEMAS,25,313.7884434743346,3.6218895209547246,0
272,Estudiante 272,FEMENINO,PSICOLOGIA,27,382.9115570055245,3.798065344260146,0
273,Estudiante 273,FEMENINO,PSICOLOGIA,29,195.02229897640882,2.912926247960476,1
274,Estudiante 274,FEMENINO,DERECHO,20,360.7382788297781,2.629336167697995,1
275,Estudiante 275,FEMENINO,ADMINISTRACION DE EMPRESAS,33,291.86577795919976,4.360479633940151,0
276,Estudiante 276,FEMENINO,MEDICINA,20,212.3243733257728,3.6497507370735014,1
277,Estudiante 277,FEMENINO,ADMINISTRACION DE EMPRESAS,18,318.9245299152654,3.9625083664451473,0
278,Estudiante 278,FEMENINO,DERECHO,20,286.36700079070573,2.444144467893424,1
279,Estudiante 279,FEMENINO,DERECHO,32,326.1023961801664,4.140009865228702,0
280,Estudiante 280,FEMENINO,DERECHO,34,345.4984405897985,3.1871086127865396,1
281,Estudiante 281,FEMENINO,INGENIERIA DE SISTEMAS,34,232.9882447457282,3.0162690999145734,0
282,Estudiante 282,MASCULINO,ADMINISTRACION DE EMPRESAS,27,345.6713542104821,3.461976099420808,2
283,Estudiante 283,MASCULINO,ADMINISTRACION DE EMPRESAS,24,300.29157678993226,2.913211873674485,0
284,Estudiante 284,MASCULINO,PSICOLOGIA,16,360.87785286119725,3.498960981064636,0
285,Estudiante 285,FEMENINO,PSICOLOGIA,33,290.76832969509593,3.418196991791308,2
286,Estudiante 286,MASCULINO,PSICOLOGIA,19,278.83159983608607,4.1362375431403295,0
287,Estudiante 287,MASCULINO,DERECHO,25,301.21743183100284,4.408006701283682,0
288,Estudiante 288,FEMENINO,ADMINISTRACION DE EMPRESAS,22,304.58373178709337,4.38890947570495,1
289,Estudiante 289,MASCULINO,DERECHO,16,270.1746839328719,2.1412910123623305,2
290,Estudiante 290,FEMENINO,INGENIERIA DE SISTEMAS,32,277.66628710701224,2.938899902094029,0
291,Estudiante 291,MASCULINO,PSICOLOGIA,17,244.79060094687947,2.1350679417065828,0
292,Estudiante 292,MASCULINO,DERECHO,26,280.44097095944124,2.7838746353389814,0
293,Estudiante 293,FEMENINO,DERECHO,24,330.43395269989105,3.110289073457701,0
294,Estudiante 294,MASCULINO,INGENIERIA DE SISTEMAS,22,293.8190621742235,3.7463369691361663,0
295,Estudiante 295,MASCULINO,MEDICINA,32,345.4079383221298,3.188040059304476,1
296,Estudiante 296,FEMENINO,ADMINISTRACION DE EMPRESAS,32,291.6556739556117,3.2047579574308127,0
297,Estudiante 297,FEMENINO,MEDICINA,17,235.58169010245086,3.609058809919858,0
298,Estudiante 298,MASCULINO,PSICOLOGIA,21,326.8773699400462,2.4744142128753133,0
299,Estudiante 299,FEMENINO,DERECHO,29,269.6869586534969,2.9968441082216817,1
300,Estudiante 300,MASCULINO,INGENIERIA DE SISTEMAS,21,289.49847200564096,3.1978660245095765,0
301,Estudiante 301,MASCULINO,INGENIERIA DE SISTEMAS,17,355.6907421367853,3.3785588068211934,0
302,Estudiante 302,FEMENINO,ADMINISTRACION DE EMPRESAS,16,247.76082931253188,3.546172394135327,0
303,Estudiante 303,FEMENINO,MEDICINA,25,307.41347043589735,4.400389873839825,0
304,Estudiante 304,FEMENINO,ADMINISTRACION DE EMPRESAS,20,298.17667424838936,4.045001696648657,0
305,Estudiante 305,FEMENINO,DERECHO,17,331.54165719466965,3.0384139853048393,2
306,Estudiante 306,FEMENINO,ADMINISTRACION DE EMPRESAS,31,338.48190144669104,3.343202564329119,2
307,Estudiante 307,FEMENINO,INGENIERIA DE SISTEMAS,17,311.87275519120016,3.3023365177447257,0
308,Estudiante 308,MASCULINO,INGENIERIA DE SISTEMAS,25,283.783140903882,3.191508490087554,1
309,Estudiante 309,FEMENINO,PSICOLOGIA,17,321.3017626811682,3.663509495492546,2
310,Estudiante 310,MASCULINO,PSICOLOGIA,31,360.1045153715053,2.384132268217455,2
311,Estudiante 311,MASCULINO,DERECHO,31,298.7719527162135,4.02842863280389,0
312,Estudiante 312,MASCULINO,MEDICINA,34,287.9734748509638,4.516130474429213,0
313,Estudiante 313,MASCULINO,ADMINISTRACION DE EMPRESAS,22,317.46766159505955,3.33809567559691,0
314,Estudiante 314,FEMENINO,DERECHO,27,301.7427159166325,3.326381344929303,1
315,Estudiante 315,FEMENINO,PSICOLOGIA,30,239.80307592369905,3.594226548325203,0
316,Estudiante 316,FEMENINO,ADMINISTRACION DE EMPRESAS,23,310.7698860178867,4.111631586176126,0
317,Estudiante 317,MASCULINO,PSICOLOGIA,21,239.39569160563062,3.3054237699096545,3
318,Estudiante 318,MASCULINO,ADMINISTRACION DE EMPRESAS,25,316.85162908838004,4.0603670996610415,2
319,Estudiante 319,MASCULINO,MEDICINA,18,264.1285774017045,3.7930968034719457,0
320,Estudiante 320,MASCULINO,DERECHO,34,301.65936618838555,4.916966866402814,0
321,Estudiante 321,FEMENINO,ADMINISTRACION DE EMPRESAS,32,317.5767257789656,3.3028027909026223,1
322,Estudiante 322,FEMENINO,INGENIERIA DE SISTEMAS,22,410.4256505674607,2.3143997313674998,0
323,Estudiante 323,FEMENINO,INGENIERIA DE SISTEMAS,19,333.4237482804116,2.6402365275886917,1
324,Estudiante 324,MASCULINO,ADMINISTRACION DE EMPRESAS,29,361.41594643840506,3.507156942440094,0
325,Estudiante 325,FEMENINO,ADMINISTRACION DE EMPRESAS,30,384.2286518412266,4.116729256412451,1
326,Estudiante 326,FEMENINO,ADMINISTRACION DE EMPRESAS,23,322.016516264975,3.108494515747566,1
327,Estudiante 327,FEMENINO,INGENIERIA DE SISTEMAS,30,312.856041012024,3.361440530074802,0
328,Estudiante 328,FEMENINO,INGENIERIA DE SISTEMAS,29,251.9975501028203,3.9109056423989452,1
329,Estudiante 329,MASCULINO,ADMINISTRACION DE EMPRESAS,24,294.75165304198225,2.9208604394729254,0
330,Estudiante 330,MASCULINO,PSICOLOGIA,23,267.4610521663862,3.133238360483109,1
331,Estudiante 331,MASCULINO,PSICOLOGIA,32,281.9523517444026,2.7993639874338436,2
332,Estudiante 332,FEMENINO,MEDICINA,17,384.1798519286611,4.206936855729537,0
333,Estudiante 333,MASCULINO,DERECHO,18,305.1579679139995,4.425003687077821,1
334,Estudiante 334,MASCULINO,PSICOLOGIA,23,260.5845190027751,2.552351006304164,0
335,Estudiante 335,MASCULINO,INGENIERIA DE SISTEMAS,27,361.8540054611087,3.414688700607066,0
336,Estudiante 336,MASCULINO,PSICOLOGIA,16,342.9873964306852,4.344355385038967,0
337,Estudiante 337,FEMENINO,MEDICINA,25,345.34440716701783,3.7392171101733425,0
338,Estudiante 338,FEMENINO,MEDICINA,18,209.72414086039225,3.206456460200543,1
339,Estudiante 339,MASCULINO,DERECHO,21,387.6901930974669,2.5723027282334607,0
340,Estudiante 340,MASCULINO,PSICOLOGIA,22,274.86683660577506,4.191766731093718,2
341,Estudiante 341,FEMENINO,INGENIERIA DE SISTEMAS,33,335.007964775674,3.7163091289666985,0
342,Estudiante 342,MASCULINO,INGENIERIA DE SISTEMAS,26,413.57099057776645,2.6162081673549467,1
343,Estudiante 343,MASCULINO,ADMINISTRACION DE EMPRESAS,34,396.9899736685778,4.213934632324994,2
344,Estudiante 344,MASCULINO,INGENIERIA DE SISTEMAS,20,256.0097043537291,2.539757862945278,0
345,Estudiante 345,MASCULINO,DERECHO,34,234.9967198348977,3.367708307499553,1
346,Estudiante 346,FEMENINO,DERECHO,26,364.36559694815674,3.3412311779767223,1
347,Estudiante 347,FEMENINO,INGENIERIA DE SISTEMAS,27,306.39251152173,4.471028797308701,0
348,Estudiante 348,MASCULINO,INGENIERIA DE SISTEMAS,25,277.4603351414064,3.3433722848719083,0
349,Estudiante 349,MASCULINO,ADMINISTRACION DE EMPRESAS,23,327.9548346122571,3.341214388219565,0
350,Estudiante 350,FEMENINO,INGENIERIA DE SISTEMAS,24,292.67041901432515,2.6821529930613837,0
351,Estudiante 351,FEMENINO,ADMINISTRACION DE EMPRESAS,19,331.55958616719346,3.1157613925648366,0
352,Estudiante 352,FEMENINO,ADMINISTRACION DE EMPRESAS,20,303.014181351843,3.0096227234716144,0
353,Estudiante 353,FEMENINO,INGENIERIA DE SISTEMAS,23,332.5074567747675,3.0408665803971844,1
354,Estudiante 354,MASCULINO,MEDICINA,24,259.7460289888625,3.503770714935124,1
355,Estudiante 355,MASCULINO,MEDICINA,30,364.1007905909686,2.0394941684944445,1
356,Estudiante 356,FEMENINO,ADMINISTRACION DE EMPRESAS,30,331.3930516829597,2.5938618527498614,1
357,Estudiante 357,MASCULINO,INGENIERIA DE SISTEMAS,31,329.0833816231608,3.4333886758357073,0
358,Estudiante 358,FEMENINO,MEDICINA,29,249.70485328446028,3.572752809862359,0
359,Estudiante 359,FEMENINO,INGENIERIA DE SISTEMAS,23,376.4834587489911,3.3599403208136627,0
360,Estudiante 360,FEMENINO,INGENIERIA DE SISTEMAS,33,299.3827755285179,3.4755233061290234,1
361,Estudiante 361,MASCULINO,INGENIERIA DE SISTEMAS,25,332.76219880934286,3.254530031806849,2
362,Estudiante 362,FEMENINO,PSICOLOGIA,21,285.4728991314026,3.4888972380622025,1
363,Estudiante 363,MASCULINO,INGENIERIA DE SISTEMAS,27,311.7400079106944,3.7604853321573297,0
364,Estudiante 364,FEMENINO,PSICOLOGIA,17,313.3707308453732,3.7562802372125965,0
365,Estudiante 365,FEMENINO,ADMINISTRACION DE EMPRESAS,22,173.10310805984608,3.0866249531249026,2
366,Estudiante 366,MASCULINO,MEDICINA,31,326.2101656094674,4.04905684374977,0
367,Estudiante 367,FEMENINO,MEDICINA,18,388.4403657774938,3.5942652167019915,1
368,Estudiante 368,FEMENINO,MEDICINA,28,324.29011165463805,4.239328373803861,1
369,Estudiante 369,MASCULINO,MEDICINA,18,256.9031287999618,4.359723458760249,0
370,Estudiante 370,MASCULINO,MEDICINA,33,329.2482704769249,2.6343639671760526,1
371,Estudiante 371,MASCULINO,MEDICINA,26,347.6766238578002,2.9845834766787744,2
372,Estudiante 372,MASCULINO,MEDICINA,23,323.06099322856744,3.98812882398233,0
373,Estudiante 373,MASCULINO,ADMINISTRACION DE EMPRESAS,21,296.66428021064803,2.5010645479226317,2
374,Estudiante 374,FEMENINO,INGENIERIA DE SISTEMAS,16,289.1032848379231,4.352106177616024,1
375,Estudiante 375,MASCULINO,DERECHO,16,288.91606100849367,3.2936706831124023,0
376,Estudiante 376,MASCULINO,PSICOLOGIA,23,331.39996054550454,3.845019821065411,1
377,Estudiante 377,FEMENINO,DERECHO,20,236.67942022231674,3.4301656022835343,1
378,Estudiante 378,MASCULINO,DERECHO,31,283.2657077615067,2.664566283329788,1
379,Estudiante 379,FEMENINO,INGENIERIA DE SISTEMAS,26,371.8024420354927,4.133326761279185,0
380,Estudiante 380,MASCULINO,INGENIERIA DE SISTEMAS,20,373.53878699597294,5.0,1
381,Estudiante 381,MASCULINO,INGENIERIA DE SISTEMAS,19,233.4833810489252,3.190995034186585,0
382,Estudiante 382,FEMENINO,MEDICINA,21,249.0863874931376,3.3065848694928546,0
383,Estudiante 383,FEMENINO,ADMINISTRACION DE EMPRESAS,29,287.82207392124286,1.9105402740397643,0
384,Estudiante 384,FEMENINO,MEDICINA,34,340.1665282701458,4.310901742073673,1
385,Estudiante 385,FEMENINO,ADMINISTRACION DE EMPRESAS,24,217.76365406761545,4.047059193705202,0
386,Estudiante 386,FEMENINO,ADMINISTRACION DE EMPRESAS,27,297.53361142871347,2.4599696827670514,0
387,Estudiante 387,MASCULINO,DERECHO,26,278.661937953916,2.261068722771868,0
388,Estudiante 388,MASCULINO,DERECHO,29,359.6684103428355,2.330461230100841,0
389,Estudiante 389,FEMENINO,ADMINISTRACION DE EMPRESAS,31,224.53911867138356,3.887101475223691,0
390,Estudiante 390,FEMENINO,ADMINISTRACION DE EMPRESAS,16,304.164327697213,3.946994851768449,0
391,Estudiante 391,FEMENINO,MEDICINA,28,282.2875753193133,2.945999633378727,2
392,Estudiante 392,MASCULINO,MEDICINA,28,366.140951682478,3.799556018829679,0
393,Estudiante 393,MASCULINO,DERECHO,17,326.89436908589624,3.5953262725946913,0
394,Estudiante 394,FEMENINO,INGENIERIA DE SISTEMAS,19,273.6382953334019,3.279638175887469,0
395,Estudiante 395,MASCULINO,ADMINISTRACION DE EMPRESAS,21,338.4023899498087,4.08211809601118,0
396,Estudiante 396,FEMENINO,MEDICINA,20,282.50270160111415,2.7770386392631767,0
397,Estudiante 397,FEMENINO,DERECHO,18,344.9698370057889,4.188523528156337,0
398,Estudiante 398,MASCULINO,MEDICINA,16,289.331535410149,3.0628870675913884,0
399,Estudiante 399,FEMENINO,ADMINISTRACION DE EMPRESAS,19,347.45999604459433,4.568922009180227,0
400,Estudiante 400,FEMENINO,ADMINISTRACION DE EMPRESAS,17,319.62368798072623,2.8968163859111202,0
401,Estudiante 401,MASCULINO,PSICOLOGIA,20,446.722098631114,3.2890567528399237,0
402,Estudiante 402,FEMENINO,INGENIERIA DE SISTEMAS,18,297.6196797562798,3.535152282525412,0
403,Estudiante 403,FEMENINO,PSICOLOGIA,24,317.2288031229652,3.53139112869349,0
404,Estudiante 404,FEMENINO,DERECHO,21,278.4258866227831,3.794497100370857,0
405,Estudiante 405,MASCULINO,MEDICINA,33,300.120840333965,2.7285905490519937,0
406,Estudiante 406,FEMENINO,DERECHO,21,178.41741896327517,3.477612555052019,0
407,Estudiante 407,MASCULINO,ADMINISTRACION DE EMPRESAS,34,320.95128074434643,3.5828790238416324,0
408,Estudiante 408,MASCULINO,PSICOLOGIA,27,360.4293395827235,3.183357065583124,0
409,Estudiante 409,FEMENINO,PSICOLOGIA,26,317.84835020697096,3.7424351704756504,0
410,Estudiante 410,MASCULINO,PSICOLOGIA,17,240.87623439101802,2.6921780519073315,0
411,Estudiante 411,MASCULINO,DERECHO,30,263.91957812809494,3.30412766656959,1
412,Estudiante 412,FEMENINO,ADMINISTRACION DE EMPRESAS,27,190.64135427796782,3.0480895253578004,0
413,Estudiante 413,FEMENINO,MEDICINA,27,344.0515803089441,3.3059414422705884,1
414,Estudiante 414,FEMENINO,MEDICINA,24,254.70690182806888,4.368221275952722,0
415,Estudiante 415,FEMENINO,DERECHO,17,298.7081134404497,4.37987343569444,2
416,Estudiante 416,MASCULINO,PSICOLOGIA,18,293.0818092452751,4.262249876348732,0
417,Estudiante 417,MASCULINO,INGENIERIA DE SISTEMAS,27,366.947716604622,3.2226456319514893,0
418,Estudiante 418,MASCULINO,DERECHO,31,303.8376593084582,4.044570966080125,0
419,Estudiante 419,FEMENINO,DERECHO,16,336.4001814047704,3.5674172761554823,0
420,Estudiante 420,FEMENINO,ADMINISTRACION DE EMPRESAS,18,324.5908693866448,3.527353822101805,0
421,Estudiante 421,FEMENINO,MEDICINA,17,361.17351389826297,3.4535831914284985,0
422,Estudiante 422,FEMENINO,DERECHO,24,289.23943374736683,4.555050714427475,2
423,Estudiante 423,MASCULINO,DERECHO,34,384.1326898727033,4.319503163333878,1
424,Estudiante 424,FEMENINO,PSICOLOGIA,30,210.64520296203082,3.9469378510682587,1
425,Estudiante 425,MASCULINO,PSICOLOGIA,33,338.5863074100556,3.397819420693624,0
426,Estudiante 426,FEMENINO,INGENIERIA DE SISTEMAS,26,261.00211761011406,3.5237364549527372,0
427,Estudiante 427,MASCULINO,ADMINISTRACION DE EMPRESAS,31,277.8262701249021,3.8183399627226406,0
428,Estudiante 428,FEMENINO,INGENIERIA DE SISTEMAS,32,325.6236420105466,3.1870346528875864,0
429,Estudiante 429,MASCULINO,PSICOLOGIA,20,325.26309224314844,4.062989429578702,1
430,Estudiante 430,MASCULINO,MEDICINA,27,327.2892606160532,2.947252933134256,0
431,Estudiante 431,MASCULINO,PSICOLOGIA,26,237.62289251526428,3.7351062127984433,0
432,Estudiante 432,FEMENINO,ADMINISTRACION DE EMPRESAS,30,365.2063604075658,2.126170670124422,0
433,Estudiante 433,FEMENINO,PSICOLOGIA,18,259.4708796797546,3.169628884038722,4
434,Estudiante 434,MASCULINO,ADMINISTRACION DE EMPRESAS,16,265.47208093986603,4.746606279751666,0
435,Estudiante 435,MASCULINO,ADMINISTRACION DE EMPRESAS,31,328.7053532175073,4.1217148966351465,0
436,Estudiante 436,FEMENINO,ADMINISTRACION DE EMPRESAS,17,287.09754713574415,4.421281069960714,1
437,Estudiante 437,MASCULINO,ADMINISTRACION DE EMPRESAS,17,313.87173782531215,3.0996153995873708,0
438,Estudiante 438,FEMENINO,ADMINISTRACION DE EMPRESAS,18,202.95296865152454,3.5622637020802617,1
439,Estudiante 439,FEMENINO,MEDICINA,23,312.7946002283654,4.269195351856583,0
440,Estudiante 440,MASCULINO,INGENIERIA DE SISTEMAS,30,309.80243457804966,3.879856960823226,1
441,Estudiante 441,MASCULINO,DERECHO,22,277.05636580060724,3.8051395264149916,0
442,Estudiante 442,FEMENINO,INGENIERIA DE SISTEMAS,21,206.6665818105845,4.478349182198038,1
443,Estudiante 443,MASCULINO,ADMINISTRACION DE EMPRESAS,24,290.4236282333278,2.875727020631643,1
444,Estudiante 444,MASCULINO,MEDICINA,16,298.31817630906244,3.3894571763326984,0
445,Estudiante 445,FEMENINO,PSICOLOGIA,23,283.4746954351277,2.4475486623983875,1
446,Estudiante 446,FEMENINO,MEDICINA,18,217.3721491005376,2.842936368838639,0
447,Estudiante 447,FEMENINO,ADMINISTRACION DE EMPRESAS,19,371.76303032926126,4.144511235307383,1
448,Estudiante 448,FEMENINO,MEDICINA,30,271.2512312425032,2.9495904402847257,0
449,Estudiante 449,MASCULINO,MEDICINA,21,290.00079016846945,3.9413145524750584,0
450,Estudiante 450,MASCULINO,ADMINISTRACION DE EMPRESAS,30,191.57365554517693,4.495091025180848,0
451,Estudiante 451,FEMENINO,MEDICINA,18,371.76849069141934,3.393237095004837,0
452,Estudiante 452,FEMENINO,DERECHO,29,279.00525307196745,3.8119180638798875,0
453,Estudiante 453,MASCULINO,DERECHO,29,304.4308267683391,3.945987277725752,2
454,Estudiante 454,FEMENINO,MEDICINA,19,350.4331850167493,2.767102962160061,0
455,Estudiante 455,MASCULINO,PSICOLOGIA,27,269.56631078775183,3.130128592819372,0
456,Estudiante 456,FEMENINO,ADMINISTRACION DE EMPRESAS,32,343.3460244323945,2.8978032729969185,0
457,Estudiante 457,MASCULINO,DERECHO,22,207.24035448264863,3.177966133950183,1
458,Estudiante 458,MASCULINO,PSICOLOGIA,24,324.7943995907091,3.92966641884866,1
459,Estudiante 459,MASCULINO,MEDICINA,18,370.7508974933844,3.1428819614346253,0
460,Estudiante 460,MASCULINO,PSICOLOGIA,28,273.88124187518866,3.47890806384091,0
461,Estudiante 461,MASCULINO,INGENIERIA DE SISTEMAS,30,350.349672913428,2.8745230298412587,0
462,Estudiante 462,FEMENINO,DERECHO,33,382.5265193487203,4.2358532987202215,1
463,Estudiante 463,FEMENINO,MEDICINA,34,288.5321172875691,3.1729340058659976,0
464,Estudiante 464,FEMENINO,ADMINISTRACION DE EMPRESAS,16,284.81122713675626,4.413788331145972,1
465,Estudiante 465,FEMENINO,MEDICINA,21,259.57678143754634,3.536557456309616,0
466,Estudiante 466,MASCULINO,ADMINISTRACION DE EMPRESAS,17,277.062143016669,2.6558002532221523,0
467,Estudiante 467,MASCULINO,MEDICINA,29,263.3088049377321,3.3973839520726252,0
468,Estudiante 468,FEMENINO,PSICOLOGIA,21,259.5400005707748,2.8623339035203013,0
469,Estudiante 469,MASCULINO,PSICOLOGIA,29,353.94758835201105,3.8536096264268918,1
470,Estudiante 470,FEMENINO,PSICOLOGIA,19,264.45332886202834,3.3431823306038804,0
471,Estudiante 471,MASCULINO,INGENIERIA DE SISTEMAS,23,311.633486162383,3.5979261530164126,0
472,Estudiante 472,FEMENINO,ADMINISTRACION DE EMPRESAS,18,301.7205045847307,3.2783881339720624,2
473,Estudiante 473,MASCULINO,PSICOLOGIA,34,367.41425531570053,3.1667946176820045,0
474,Estudiante 474,FEMENINO,INGENIERIA DE SISTEMAS,29,277.35796955752437,2.9158267942306235,1
475,Estudiante 475,FEMENINO,ADMINISTRACION DE EMPRESAS,32,317.1516620994445,4.001733762092917,1
476,Estudiante 476,FEMENINO,MEDICINA,23,335.5981366024249,3.3961081389201815,1
477,Estudiante 477,MASCULINO,INGENIERIA DE SISTEMAS,29,367.0387323294262,3.3111854637809697,0
478,Estudiante 478,FEMENINO,DERECHO,21,276.701099472963,3.381071660934704,0
479,Estudiante 479,FEMENINO,INGENIERIA DE SISTEMAS,31,272.1948389070429,3.0926829239085354,0
480,Estudiante 480,FEMENINO,INGENIERIA DE SISTEMAS,34,252.21985257179762,3.313189143934385,1
481,Estudiante 481,FEMENINO,ADMINISTRACION DE EMPRESAS,29,400.6334829381708,3.6233778888160924,1
482,Estudiante 482,FEMENINO,MEDICINA,34,362.3012597181174,2.879517800565941,1
483,Estudiante 483,MASCULINO,DERECHO,18,298.10093725595806,2.9663888041524755,0
484,Estudiante 484,FEMENINO,PSICOLOGIA,25,386.91476180071754,4.326970456173604,0
485,Estudiante 485,FEMENINO,PSICOLOGIA,34,295.41614725354543,3.2823460803202664,2
486,Estudiante 486,FEMENINO,INGENIERIA DE SISTEMAS,24,332.59847121450883,3.169063514645594,0
487,Estudiante 487,MASCULINO,ADMINISTRACION DE EMPRESAS,28,300.45773557752244,2.6936770366644347,0
488,Estudiante 488,MASCULINO,ADMINISTRACION DE EMPRESAS,22,317.9012453287712,4.010406582484544,0
489,Estudiante 489,FEMENINO,PSICOLOGIA,29,313.12926491400964,2.8664445118934943,1
490,Estudiante 490,FEMENINO,DERECHO,24,280.87565819805076,3.490824403423125,0
491,Estudiante 491,MASCULINO,MEDICINA,34,349.16243421384087,2.475088958410046,1
492,Estudiante 492,FEMENINO,DERECHO,30,332.21785879577556,3.99090368021847,1
493,Estudiante 493,MASCULINO,MEDICINA,29,346.24625670756654,4.206113746171148,0
494,Estudiante 494,MASCULINO,PSICOLOGIA,21,314.41022334747055,3.790712207286809,0
495,Estudiante 495,MASCULINO,MEDICINA,19,259.204355320029,2.579311921156822,0
496,Estudiante 496,MASCULINO,ADMINISTRACION DE EMPRESAS,23,376.9223729950966,4.003257286345539,0
497,Estudiante 497,FEMENINO,INGENIERIA DE SISTEMAS,32,288.18496948946586,3.0035906002157886,0
498,Estudiante 498,MASCULINO,INGENIERIA DE SISTEMAS,24,316.38301628557866,2.7974168727670325,0
499,Estudiante 499,FEMENINO,PSICOLOGIA,16,328.5921611470021,3.269923372545408,1
500,Estudiante 500,FEMENINO,ADMINISTRACION DE EMPRESAS,29,316.0839772297928,3.2579793959921064,0
501,Estudiante 501,FEMENINO,DERECHO,26,341.1937659553623,3.1969708092918263,0
502,Estudiante 502,FEMENINO,ADMINISTRACION DE EMPRESAS,18,348.3020065042424,4.264204548742816,1
503,Estudiante 503,MASCULINO,INGENIERIA DE SISTEMAS,24,289.88249236287385,4.707095597865576,2
504,Estudiante 504,FEMENINO,INGENIERIA DE SISTEMAS,29,373.14603038800414,2.6785180775903212,0
505,Estudiante 505,FEMENINO,ADMINISTRACION DE EMPRESAS,24,287.98934006274305,3.086700563405246,0
506,Estudiante 506,MASCULINO,ADMINISTRACION DE EMPRESAS,19,315.15370719963545,3.585649001626974,0
507,Estudiante 507,FEMENINO,INGENIERIA DE SISTEMAS,19,282.55448173780957,3.2667701054376637,2
508,Estudiante 508,FEMENINO,DERECHO,23,269.69369148071445,3.7396392495671096,0
509,Estudiante 509,FEMENINO,PSICOLOGIA,17,346.9885989955889,4.049591213567477,1
510,Estudiante 510,FEMENINO,PSICOLOGIA,24,440.485360384172,3.9496195653620245,0
511,Estudiante 511,FEMENINO,ADMINISTRACION DE EMPRESAS,29,283.7208050255857,3.8658401407098992,0
512,Estudiante 512,MASCULINO,PSICOLOGIA,24,354.68947086051355,4.495457312551833,0
513,Estudiante 513,FEMENINO,INGENIERIA DE SISTEMAS,31,285.3339909284913,2.5466316302503342,1
514,Estudiante 514,FEMENINO,INGENIERIA DE SISTEMAS,32,299.5281760414798,4.388065275172769,0
515,Estudiante 515,MASCULINO,ADMINISTRACION DE EMPRESAS,31,379.0912697504252,3.2522050195461536,1
516,Estudiante 516,MASCULINO,ADMINISTRACION DE EMPRESAS,27,251.69091217161122,3.971075132405376,1
517,Estudiante 517,MASCULINO,ADMINISTRACION DE EMPRESAS,18,239.78284191195948,2.882200263032334,0
518,Estudiante 518,FEMENINO,DERECHO,26,296.0760608056583,2.9549021648640332,1
519,Estudiante 519,FEMENINO,PSICOLOGIA,29,329.86452125719535,3.8972703748892163,0
520,Estudiante 520,MASCULINO,ADMINISTRACION DE EMPRESAS,33,320.8649957256397,2.3427619863500926,0
521,Estudiante 521,FEMENINO,MEDICINA,20,316.23056290618484,4.0936652469729875,0
522,Estudiante 522,MASCULINO,MEDICINA,31,301.535939168021,4.255978101404953,0
523,Estudiante 523,FEMENINO,INGENIERIA DE SISTEMAS,20,335.39430121427637,3.606670912297376,3
524,Estudiante 524,FEMENINO,PSICOLOGIA,18,168.88474010797626,3.5850566213471344,0
525,Estudiante 525,FEMENINO,ADMINISTRACION DE EMPRESAS,27,266.2137612710517,2.999818313054929,0
526,Estudiante 526,MASCULINO,MEDICINA,16,295.78744158224487,3.904669641442201,1
527,Estudiante 527,MASCULINO,PSICOLOGIA,24,331.70406595961293,3.7085991478444558,1
528,Estudiante 528,MASCULINO,INGENIERIA DE SISTEMAS,24,367.0394313030855,2.9470967623857063,0
529,Estudiante 529,MASCULINO,DERECHO,19,260.1705131324787,3.265112029947085,0
530,Estudiante 530,FEMENINO,PSICOLOGIA,18,365.5685381491455,3.404398745182518,2
531,Estudiante 531,FEMENINO,PSICOLOGIA,32,279.6347248859387,3.2643186820884877,0
532,Estudiante 532,FEMENINO,DERECHO,17,294.15405976586914,2.682253151990015,1
533,Estudiante 533,FEMENINO,PSICOLOGIA,16,326.1644633458926,3.919412185150337,0
534,Estudiante 534,FEMENINO,INGENIERIA DE SISTEMAS,23,290.8543764311952,3.353893726458863,0
535,Estudiante 535,FEMENINO,INGENIERIA DE SISTEMAS,28,349.9552922999843,3.5092188655359857,0
536,Estudiante 536,FEMENINO,DERECHO,30,281.79281346990854,3.153040047561544,0
537,Estudiante 537,FEMENINO,ADMINISTRACION DE EMPRESAS,23,282.47092539238497,3.785162884383194,0
538,Estudiante 538,MASCULINO,MEDICINA,27,347.33909793941996,3.619217710628842,0
539,Estudiante 539,MASCULINO,ADMINISTRACION DE EMPRESAS,27,265.65940252795536,4.227670633478251,0
540,Estudiante 540,MASCULINO,PSICOLOGIA,29,311.2018092892497,3.7883592277633906,3
541,Estudiante 541,FEMENINO,MEDICINA,30,225.27827995377794,3.3783893588977336,0
542,Estudiante 542,FEMENINO,DERECHO,30,381.88377084275356,3.056169909498464,0
543,Estudiante 543,MASCULINO,DERECHO,24,354.29483713065486,4.019571610349987,1
544,Estudiante 544,FEMENINO,MEDICINA,34,423.754823981134,3.3304543407281253,0
545,Estudiante 545,FEMENINO,INGENIERIA DE SISTEMAS,23,360.22636791508734,3.3969694600422677,1
546,Estudiante 546,MASCULINO,MEDICINA,34,249.16573966797833,3.396817036224395,0
547,Estudiante 547,MASCULINO,PSICOLOGIA,21,330.0892437072266,3.2590353736057223,2
548,Estudiante 548,FEMENINO,INGENIERIA DE SISTEMAS,34,258.6896057000188,3.4072766034620785,2
549,Estudiante 549,FEMENINO,DERECHO,19,371.01168781738943,4.655724537639546,0
550,Estudiante 550,FEMENINO,MEDICINA,22,250.44868704100924,2.871306767523385,0
551,Estudiante 551,FEMENINO,ADMINISTRACION DE EMPRESAS,19,248.2880302092091,3.011297473543034,1
552,Estudiante 552,FEMENINO,ADMINISTRACION DE EMPRESAS,27,227.5584845836491,4.33059465089255,1
553,Estudiante 553,FEMENINO,PSICOLOGIA,28,278.02290804316493,3.275117369302957,0
554,Estudiante 554,FEMENINO,ADMINISTRACION DE EMPRESAS,18,268.9734978847393,3.2296272295550628,1
555,Estudiante 555,FEMENINO,MEDICINA,27,243.22579023723307,4.120918314064061,0
556,Estudiante 556,MASCULINO,MEDICINA,17,389.5414096909586,2.6478826296309492,0
557,Estudiante 557,MASCULINO,ADMINISTRACION DE EMPRESAS,17,323.84463133739905,3.9928726575520432,0
558,Estudiante 558,MASCULINO,MEDICINA,24,318.550554293552,3.527369857592926,1
559,Estudiante 559,FEMENINO,PSICOLOGIA,16,371.5123988661567,3.7788812784991865,0
560,Estudiante 560,FEMENINO,INGENIERIA DE SISTEMAS,23,311.5316006419321,3.7676185731512755,0
561,Estudiante 561,FEMENINO,PSICOLOGIA,21,266.30939093226874,3.1232104481104175,1
562,Estudiante 562,MASCULINO,PSICOLOGIA,21,223.49056158670544,4.130710268089944,0
563,Estudiante 563,MASCULINO,MEDICINA,33,263.77241734454685,3.1699173731131585,1
564,Estudiante 564,MASCULINO,INGENIERIA DE SISTEMAS,32,367.7437020228808,3.745309411399245,1
565,Estudiante 565,MASCULINO,MEDICINA,27,243.5098747941228,4.242634691317482,0
566,Estudiante 566,FEMENINO,DERECHO,21,315.8907257099045,4.327341019907881,0
567,Estudiante 567,MASCULINO,MEDICINA,23,346.52663143885013,3.3397241984355848,1
568,Estudiante 568,MASCULINO,MEDICINA,34,312.84051781994634,3.777881164544606,0
569,Estudiante 569,FEMENINO,MEDICINA,25,317.95424979557623,3.2843067258778285,1
570,Estudiante 570,MASCULINO,INGENIERIA DE SISTEMAS,16,329.5021760793042,5.0,0
571,Estudiante 571,FEMENINO,MEDICINA,28,317.06763923201925,3.9680756035242912,0
572,Estudiante 572,FEMENINO,INGENIERIA DE SISTEMAS,32,372.4083377612977,3.5504350615021614,1
573,Estudiante 573,MASCULINO,ADMINISTRACION DE EMPRESAS,18,253.1868722297575,3.6875373040746453,0
574,Estudiante 574,FEMENINO,DERECHO,23,310.8191194577454,3.7442632492676404,0
575,Estudiante 575,FEMENINO,INGENIERIA DE SISTEMAS,29,218.17918047012836,3.762046124470089,0
576,Estudiante 576,FEMENINO,ADMINISTRACION DE EMPRESAS,18,206.68142157660583,3.356001069412066,3
577,Estudiante 577,MASCULINO,INGENIERIA DE SISTEMAS,31,296.32480361166074,3.263403620458895,1
578,Estudiante 578,FEMENINO,INGENIERIA DE SISTEMAS,28,324.45208060251406,3.408887982964104,1
579,Estudiante 579,FEMENINO,DERECHO,32,373.38004997569044,2.8161849769716754,0
580,Estudiante 580,MASCULINO,PSICOLOGIA,28,408.8906279854708,3.930964644184676,1
581,Estudiante 581,MASCULINO,PSICOLOGIA,21,359.3937301799466,3.0189769744106165,1
582,Estudiante 582,FEMENINO,INGENIERIA DE SISTEMAS,32,332.7224584979113,2.86402995260917,1
583,Estudiante 583,FEMENINO,MEDICINA,29,307.1984185098217,3.4913873200615106,1
584,Estudiante 584,MASCULINO,ADMINISTRACION DE EMPRESAS,32,231.094737156748,3.421926422186068,0
585,Estudiante 585,FEMENINO,MEDICINA,23,293.42835274161905,3.649780685473393,0
586,Estudiante 586,MASCULINO,MEDICINA,26,358.0669538066202,3.159076778362154,0
587,Estudiante 587,MASCULINO,INGENIERIA DE SISTEMAS,16,340.42268352126183,3.264474465061416,0
588,Estudiante 588,MASCULINO,INGENIERIA DE SISTEMAS,22,242.1149633992673,3.9152717030530946,1
589,Estudiante 589,MASCULINO,INGENIERIA DE SISTEMAS,32,327.6311541266316,3.8787303202971164,0
590,Estudiante 590,MASCULINO,INGENIERIA DE SISTEMAS,25,323.77767653404743,3.853715027706007,2
591,Estudiante 591,MASCULINO,PSICOLOGIA,26,315.74505540516316,3.5203805674108892,1
592,Estudiante 592,FEMENINO,INGENIERIA DE SISTEMAS,24,298.74650000801995,3.601353573999365,0
593,Estudiante 593,MASCULINO,PSICOLOGIA,24,329.95127851248867,3.638263332626302,0
594,Estudiante 594,MASCULINO,PSICOLOGIA,20,331.3790867510579,3.106374956114614,0
595,Estudiante 595,FEMENINO,INGENIERIA DE SISTEMAS,32,271.13435555558675,4.384427960087661,3
596,Estudiante 596,MASCULINO,DERECHO,24,320.4756327621943,4.298952819492619,0
597,Estudiante 597,FEMENINO,ADMINISTRACION DE EMPRESAS,32,291.4772186663754,3.9765473546005805,0
598,Estudiante 598,MASCULINO,MEDICINA,34,233.07447595141906,3.2444830481590414,0
599,Estudiante 599,MASCULINO,PSICOLOGIA,22,274.72768342328266,3.82348647077009,1
600,Estudiante 600,MASCULINO,ADMINISTRACION DE EMPRESAS,24,229.63396415945587,4.087021962661863,2
601,Estudiante 601,MASCULINO,DERECHO,22,344.1042090781547,2.766081858967314,0
602,Estudiante 602,MASCULINO,MEDICINA,28,316.0150219899444,4.516707057019098,0
603,Estudiante 603,MASCULINO,MEDICINA,26,284.0029224957325,2.4563674333065233,2
604,Estudiante 604,MASCULINO,PSICOLOGIA,29,363.92346044798916,3.922763491825445,0
605,Estudiante 605,MASCULINO,INGENIERIA DE SISTEMAS,34,303.0595908411525,4.371969383751481,0
606,Estudiante 606,MASCULINO,DERECHO,26,235.59497598149065,3.4321619215837815,0
607,Estudiante 607,MASCULINO,PSICOLOGIA,28,280.2234656917285,3.409721360106156,0
608,Estudiante 608,MASCULINO,DERECHO,29,373.47843842729816,3.900596475588154,0
609,Estudiante 609,FEMENINO,INGENIERIA DE SISTEMAS,28,269.87359687098854,4.611129135160323,0
610,Estudiante 610,FEMENINO,INGENIERIA DE SISTEMAS,16,312.38495799410236,3.33135941723518,1
611,Estudiante 611,MASCULINO,PSICOLOGIA,23,333.4744481031587,3.031426884880433,0
612,Estudiante 612,FEMENINO,INGENIERIA DE SISTEMAS,27,326.5476818049724,3.2457347266352046,0
613,Estudiante 613,FEMENINO,ADMINISTRACION DE EMPRESAS,34,410.2256909531145,2.5684916046282678,0
614,Estudiante 614,MASCULINO,MEDICINA,27,247.0663534384529,4.038654739229093,0
615,Estudiante 615,FEMENINO,PSICOLOGIA,23,251.55916137602387,3.191550168371684,0
616,Estudiante 616,FEMENINO,DERECHO,23,247.81104988040403,3.3749965075606667,0
617,Estudiante 617,MASCULINO,ADMINISTRACION DE EMPRESAS,28,286.68367105424016,4.045772678851404,0
618,Estudiante 618,MASCULINO,PSICOLOGIA,27,349.4719824682103,3.273853805354091,1
619,Estudiante 619,FEMENINO,INGENIERIA DE SISTEMAS,31,253.571943909157,3.955454237233038,1
620,Estudiante 620,FEMENINO,INGENIERIA DE SISTEMAS,16,350.1012227674772,2.8771468977102277,0
621,Estudiante 621,MASCULINO,INGENIERIA DE SISTEMAS,28,301.58070014674814,4.075231656994399,0
622,Estudiante 622,MASCULINO,INGENIERIA DE SISTEMAS,22,250.09514880550844,3.705143012759282,0
623,Estudiante 623,MASCULINO,DERECHO,20,221.18835195444646,3.446852581508199,3
624,Estudiante 624,FEMENINO,ADMINISTRACION DE EMPRESAS,23,231.2593277785803,3.5785360927662775,0
625,Estudiante 625,FEMENINO,MEDICINA,29,270.0365966294734,2.7279432232083582,0
626,Estudiante 626,MASCULINO,DERECHO,28,292.3881970915506,3.564800446368182,0
627,Estudiante 627,MASCULINO,DERECHO,30,360.5728339528703,3.4149981287860376,2
628,Estudiante 628,FEMENINO,MEDICINA,32,335.95896954847075,2.744340433737462,1
629,Estudiante 629,MASCULINO,MEDICINA,30,262.2476436563864,3.097354743856074,0
630,Estudiante 630,MASCULINO,INGENIERIA DE SISTEMAS,33,318.3899377517476,3.4224528452284892,0
631,Estudiante 631,FEMENINO,DERECHO,33,374.3195821136508,3.135624689031295,1
632,Estudiante 632,FEMENINO,PSICOLOGIA,17,384.3262839463516,2.05273165696975,0
633,Estudiante 633,FEMENINO,MEDICINA,19,285.8517294800882,4.1458325237653195,0
634,Estudiante 634,FEMENINO,MEDICINA,16,343.12297933672505,3.414746074946201,0
635,Estudiante 635,MASCULINO,ADMINISTRACION DE EMPRESAS,19,362.54799150995206,2.135629874458073,1
636,Estudiante 636,MASCULINO,PSICOLOGIA,33,232.1817634569726,4.780977763807637,0
637,Estudiante 637,FEMENINO,PSICOLOGIA,20,276.94168107781366,4.244835398787913,0
638,Estudiante 638,MASCULINO,MEDICINA,34,399.90084304904684,3.2906107693589988,0
639,Estudiante 639,MASCULINO,INGENIERIA DE SISTEMAS,30,286.4533750445593,2.9945015051799793,0
640,Estudiante 640,MASCULINO,ADMINISTRACION DE EMPRESAS,23,168.19718858845062,3.7419147264563133,1
641,Estudiante 641,MASCULINO,PSICOLOGIA,32,294.5567185325975,3.6213960889304846,1
642,Estudiante 642,MASCULINO,MEDICINA,16,350.6081474602138,3.8252539548802242,0
643,Estudiante 643,MASCULINO,PSICOLOGIA,27,300.2929696560403,2.996227836046971,0
644,Estudiante 644,MASCULINO,ADMINISTRACION DE EMPRESAS,34,332.19137760602854,4.158663212582979,3
645,Estudiante 645,MASCULINO,ADMINISTRACION DE EMPRESAS,30,342.21998989450793,3.2159227260946706,0
646,Estudiante 646,FEMENINO,DERECHO,24,284.0278146855473,3.90845944919334,1
647,Estudiante 647,FEMENINO,MEDICINA,22,276.6273156113531,3.0218364437257854,0
648,Estudiante 648,FEMENINO,ADMINISTRACION DE EMPRESAS,17,306.90484391794223,5.0,1
649,Estudiante 649,FEMENINO,DERECHO,24,308.00005153184463,3.917314009379155,0
650,Estudiante 650,FEMENINO,DERECHO,25,302.4334568931137,5.0,0
651,Estudiante 651,MASCULINO,PSICOLOGIA,17,304.2820435207109,3.9965611857956276,0
652,Estudiante 652,FEMENINO,PSICOLOGIA,34,266.3154239420668,3.1631213858787897,0
653,Estudiante 653,FEMENINO,DERECHO,26,333.76291095364263,3.9976284761535177,0
654,Estudiante 654,FEMENINO,PSICOLOGIA,28,326.9654376200835,4.04034669091593,0
655,Estudiante 655,MASCULINO,ADMINISTRACION DE EMPRESAS,25,239.87962350140438,3.7239944866986576,0
656,Estudiante 656,MASCULINO,INGENIERIA DE SISTEMAS,29,282.48769573113145,3.8782354832192336,0
657,Estudiante 657,MASCULINO,ADMINISTRACION DE EMPRESAS,33,304.1885942642751,3.9570362776446055,1
658,Estudiante 658,MASCULINO,DERECHO,34,275.95591489757214,2.903791393540555,0
659,Estudiante 659,FEMENINO,DERECHO,24,328.68173899145074,2.8610849571620287,0
660,Estudiante 660,FEMENINO,ADMINISTRACION DE EMPRESAS,22,296.9902857694288,3.02346980083134,1
661,Estudiante 661,MASCULINO,PSICOLOGIA,18,307.6082638254834,3.576525436622306,0
662,Estudiante 662,FEMENINO,PSICOLOGIA,21,281.96808116326173,3.3660972971159477,0
663,Estudiante 663,FEMENINO,DERECHO,17,210.30515294652236,2.914657660446231,1
664,Estudiante 664,MASCULINO,MEDICINA,21,207.73432552968978,3.9651885263117883,0
665,Estudiante 665,MASCULINO,PSICOLOGIA,18,326.53242960114125,3.669826892081888,0
666,Estudiante 666,MASCULINO,ADMINISTRACION DE EMPRESAS,31,312.01104344202275,3.6013573948225126,0
667,Estudiante 667,MASCULINO,PSICOLOGIA,23,319.7397992857988,3.3452064168956386,2
668,Estudiante 668,MASCULINO,ADMINISTRACION DE EMPRESAS,17,306.0512778928311,3.2730631385806563,1
669,Estudiante 669,MASCULINO,DERECHO,32,309.65553315180813,2.995201302914614,0
670,Estudiante 670,MASCULINO,PSICOLOGIA,24,343.60605181284546,4.060244175522403,1
671,Estudiante 671,MASCULINO,ADMINISTRACION DE EMPRESAS,27,320.0078717580636,3.077904271008088,1
672,Estudiante 672,FEMENINO,DERECHO,18,346.8409207637751,3.62563428001569,0
673,Estudiante 673,MASCULINO,MEDICINA,26,307.7157828551969,4.49720623776322,1
674,Estudiante 674,FEMENINO,ADMINISTRACION DE EMPRESAS,16,286.4828216766103,3.3006453531863897,1
675,Estudiante 675,MASCULINO,MEDICINA,28,308.73912879703107,4.076421284431516,1
676,Estudiante 676,FEMENINO,MEDICINA,30,262.37199533307165,3.841225409621404,0
677,Estudiante 677,MASCULINO,INGENIERIA DE SISTEMAS,20,282.9068881989641,3.686880537956632,2
678,Estudiante 678,MASCULINO,PSICOLOGIA,32,307.99070888880163,3.758209065142852,1
679,Estudiante 679,FEMENINO,ADMINISTRACION DE EMPRESAS,21,307.3943249355455,3.443056058437442,0
680,Estudiante 680,FEMENINO,MEDICINA,26,295.2111503998655,3.5208655812760643,0
681,Estudiante 681,FEMENINO,INGENIERIA DE SISTEMAS,33,237.5316880421607,3.1711316310645654,1
682,Estudiante 682,MASCULINO,DERECHO,19,328.6384295889321,3.5248742726804534,1
683,Estudiante 683,MASCULINO,ADMINISTRACION DE EMPRESAS,18,337.5402782969797,3.1488644025299015,1
684,Estudiante 684,FEMENINO,MEDICINA,28,373.9660722863507,4.103393055845959,1
685,Estudiante 685,FEMENINO,PSICOLOGIA,24,319.8799198464929,2.4803015427929336,2
686,Estudiante 686,FEMENINO,INGENIERIA DE SISTEMAS,21,300.06578253861676,3.7886319746752894,0
687,Estudiante 687,FEMENINO,MEDICINA,27,254.41367206754325,3.701952020853368,1
688,Estudiante 688,MASCULINO,PSICOLOGIA,17,367.14080412124747,3.64760957850562,2
689,Estudiante 689,FEMENINO,MEDICINA,18,311.15248395933105,4.1146993693192915,0
690,Estudiante 690,MASCULINO,ADMINISTRACION DE EMPRESAS,18,308.70179282214553,3.3283258459742315,0
691,Estudiante 691,MASCULINO,ADMINISTRACION DE EMPRESAS,27,288.5674710819517,3.65326030674323,0
692,Estudiante 692,MASCULINO,ADMINISTRACION DE EMPRESAS,30,285.69136951043123,2.4700748670881283,1
693,Estudiante 693,FEMENINO,INGENIERIA DE SISTEMAS,24,330.9720030322881,3.250809870718866,0
694,Estudiante 694,MASCULINO,ADMINISTRACION DE EMPRESAS,23,254.03517198036337,4.013441858705135,0
695,Estudiante 695,MASCULINO,PSICOLOGIA,26,373.1444336621451,2.696502958678111,0
696,Estudiante 696,FEMENINO,MEDICINA,31,363.33869058922676,3.595846020230447,0
697,Estudiante 697,MASCULINO,DERECHO,19,284.06723039098097,3.0934897568697215,1
698,Estudiante 698,FEMENINO,PSICOLOGIA,16,261.1260945357131,3.433407816936959,1
699,Estudiante 699,MASCULINO,PSICOLOGIA,22,209.31573052400637,3.1293935067430416,0
700,Estudiante 700,FEMENINO,ADMINISTRACION DE EMPRESAS,17,243.6863757382098,2.751682637423942,1
701,Estudiante 701,FEMENINO,INGENIERIA DE SISTEMAS,20,332.84601717972936,3.7316019889758802,0
702,Estudiante 702,MASCULINO,MEDICINA,22,314.19038365052944,3.4702419427851523,0
703,Estudiante 703,MASCULINO,INGENIERIA DE SISTEMAS,19,322.21441043877394,3.8675774718123197,0
704,Estudiante 704,MASCULINO,MEDICINA,20,216.94891641041272,3.9766627447993166,0
705,Estudiante 705,MASCULINO,MEDICINA,16,282.1882970953801,4.235155242253409,0
706,Estudiante 706,FEMENINO,INGENIERIA DE SISTEMAS,16,361.5272762826937,3.580092047265599,0
707,Estudiante 707,MASCULINO,PSICOLOGIA,30,295.6787667606291,4.261172614761925,0
708,Estudiante 708,FEMENINO,MEDICINA,34,242.74673694192066,2.9145352955654276,0
709,Estudiante 709,MASCULINO,INGENIERIA DE SISTEMAS,25,294.97789511206946,4.0453758975368785,0
710,Estudiante 710,FEMENINO,MEDICINA,33,265.30421617356376,3.7756342497967124,0
711,Estudiante 711,FEMENINO,DERECHO,18,315.0155576975429,3.6398555915088724,0
712,Estudiante 712,FEMENINO,PSICOLOGIA,26,300.92454204994715,3.7668393404978704,1
713,Estudiante 713,MASCULINO,ADMINISTRACION DE EMPRESAS,30,324.4483498837031,2.923556672998723,1
714,Estudiante 714,MASCULINO,MEDICINA,26,245.19343679556994,2.7819519140449867,1
715,Estudiante 715,MASCULINO,DERECHO,32,279.8077544100706,4.525896911646199,1
716,Estudiante 716,FEMENINO,ADMINISTRACION DE EMPRESAS,32,349.0695453629599,3.398766693081638,0
717,Estudiante 717,FEMENINO,ADMINISTRACION DE EMPRESAS,21,239.05739755040332,3.3902039469159795,1
718,Estudiante 718,FEMENINO,MEDICINA,20,254.85995927820096,2.838614315455225,0
719,Estudiante 719,MASCULINO,INGENIERIA DE SISTEMAS,23,308.9683789496429,2.610933016701898,2
720,Estudiante 720,FEMENINO,MEDICINA,17,312.9028427587706,3.447008672712631,0
721,Estudiante 721,FEMENINO,DERECHO,31,278.00175707657536,3.295047247094763,1
722,Estudiante 722,MASCULINO,ADMINISTRACION DE EMPRESAS,27,287.47052028125177,3.5010406140454706,2
723,Estudiante 723,MASCULINO,MEDICINA,21,323.9951502700039,3.552292364229305,1
724,Estudiante 724,FEMENINO,INGENIERIA DE SISTEMAS,16,338.23357507919405,4.993676648756416,0
725,Estudiante 725,FEMENINO,MEDICINA,19,251.88502506196085,3.296852011556627,0
726,Estudiante 726,FEMENINO,PSICOLOGIA,32,316.39437842825777,4.447964064766068,0
727,Estudiante 727,MASCULINO,INGENIERIA DE SISTEMAS,28,368.04072000025747,4.485214529026967,0
728,Estudiante 728,FEMENINO,DERECHO,33,294.78485723874905,3.952174571163191,1
729,Estudiante 729,MASCULINO,ADMINISTRACION DE EMPRESAS,20,251.40723807951665,3.358924200470533,0
730,Estudiante 730,MASCULINO,MEDICINA,18,249.32586410277526,2.6831165983203626,1
731,Estudiante 731,MASCULINO,INGENIERIA DE SISTEMAS,26,292.7668151409661,3.786766326400344,0
732,Estudiante 732,FEMENINO,PSICOLOGIA,28,346.61312871904283,4.111287247820567,0
733,Estudiante 733,FEMENINO,INGENIERIA DE SISTEMAS,19,298.16598675690204,4.54861247856979,1
734,Estudiante 734,FEMENINO,PSICOLOGIA,29,308.51543909576674,2.9300252274519307,0
735,Estudiante 735,MASCULINO,DERECHO,26,255.16462430217882,3.3538841664888395,0
736,Estudiante 736,FEMENINO,ADMINISTRACION DE EMPRESAS,25,344.24029348394464,2.9336812457462917,0
737,Estudiante 737,MASCULINO,DERECHO,34,248.44536429755902,3.1199132045378466,0
738,Estudiante 738,FEMENINO,MEDICINA,33,277.2976582077765,3.8986325205413763,0
739,Estudiante 739,MASCULINO,INGENIERIA DE SISTEMAS,21,328.34616879208323,3.0924171383805588,0
740,Estudiante 740,MASCULINO,PSICOLOGIA,30,208.22558257560306,3.0054372936097944,1
741,Estudiante 741,MASCULINO,PSICOLOGIA,25,307.82825173585684,3.978197518233365,0
742,Estudiante 742,MASCULINO,INGENIERIA DE SISTEMAS,20,253.24168951236985,3.770443274026128,0
743,Estudiante 743,FEMENINO,INGENIERIA DE SISTEMAS,20,300.7447229509101,3.7100067187611048,0
744,Estudiante 744,FEMENINO,MEDICINA,25,284.15749765296283,3.1082675850805606,1
745,Estudiante 745,MASCULINO,DERECHO,20,394.762567140682,4.275813966928821,0
746,Estudiante 746,FEMENINO,PSICOLOGIA,18,282.3095464860042,3.5086941183918747,1
747,Estudiante 747,MASCULINO,MEDICINA,21,382.9193117797504,4.928114083252861,0
748,Estudiante 748,FEMENINO,DERECHO,19,326.41285310325185,3.596699701682027,0
749,Estudiante 749,FEMENINO,MEDICINA,33,263.93434631716224,2.099991294891704,0
750,Estudiante 750,FEMENINO,PSICOLOGIA,24,314.8864916366891,2.0732746791338785,0
751,Estudiante 751,MASCULINO,INGENIERIA DE SISTEMAS,32,286.30156141479847,3.874369965107281,0
752,Estudiante 752,FEMENINO,INGENIERIA DE SISTEMAS,28,310.89708708335553,4.280296491398484,0
753,Estudiante 753,FEMENINO,DERECHO,30,267.874905565503,3.0297031220456905,1
754,Estudiante 754,MASCULINO,ADMINISTRACION DE EMPRESAS,32,376.0579935005681,4.760587263666291,0
755,Estudiante 755,MASCULINO,DERECHO,28,341.64291408585257,4.497799362196462,0
756,Estudiante 756,FEMENINO,ADMINISTRACION DE EMPRESAS,31,301.4301705672716,3.6263280580646886,0
757,Estudiante 757,FEMENINO,MEDICINA,19,377.81016456312904,3.823672365413679,0
758,Estudiante 758,FEMENINO,MEDICINA,20,303.3425659837282,4.03671813043311,3
759,Estudiante 759,FEMENINO,PSICOLOGIA,20,349.3931234187524,4.633996938392309,0
760,Estudiante 760,FEMENINO,ADMINISTRACION DE EMPRESAS,24,301.7235264385091,3.909281580047349,0
761,Estudiante 761,MASCULINO,PSICOLOGIA,32,317.72494176647604,3.612758991362689,0
762,Estudiante 762,MASCULINO,INGENIERIA DE SISTEMAS,28,296.3352548575749,3.9033807185519893,0
763,Estudiante 763,MASCULINO,ADMINISTRACION DE EMPRESAS,17,304.28856092432716,3.8224161688695357,1
764,Estudiante 764,FEMENINO,DERECHO,28,307.67393371745993,4.054646112364996,1
765,Estudiante 765,MASCULINO,INGENIERIA DE SISTEMAS,34,269.8620675380223,2.557986024152278,2
766,Estudiante 766,FEMENINO,INGENIERIA DE SISTEMAS,18,281.95190998846107,3.689512069968473,1
767,Estudiante 767,FEMENINO,DERECHO,25,290.24602425812225,3.776264304547842,3
768,Estudiante 768,FEMENINO,INGENIERIA DE SISTEMAS,17,310.33699575610336,3.456291699768697,1
769,Estudiante 769,MASCULINO,ADMINISTRACION DE EMPRESAS,28,298.62394412234397,3.970499866530535,0
770,Estudiante 770,FEMENINO,PSICOLOGIA,34,352.7864640221568,4.652700572341424,1
771,Estudiante 771,MASCULINO,INGENIERIA DE SISTEMAS,32,338.12032435408383,3.5829302786626642,0
772,Estudiante 772,FEMENINO,ADMINISTRACION DE EMPRESAS,29,291.1652599788582,3.915032648424614,0
773,Estudiante 773,MASCULINO,MEDICINA,27,362.18027538533727,4.463758856270932,0
774,Estudiante 774,MASCULINO,ADMINISTRACION DE EMPRESAS,27,384.28592806089557,3.5969387035651135,0
775,Estudiante 775,FEMENINO,PSICOLOGIA,26,208.02781672850472,2.9669220785847146,0
776,Estudiante 776,MASCULINO,ADMINISTRACION DE EMPRESAS,22,341.95305382798256,3.8694673094527543,0
777,Estudiante 777,MASCULINO,DERECHO,19,268.81571112008254,2.1790003179211546,0
778,Estudiante 778,FEMENINO,PSICOLOGIA,34,336.03366095954846,2.1209797772223924,0
779,Estudiante 779,FEMENINO,MEDICINA,16,355.72070732908946,3.699807228269755,2
780,Estudiante 780,FEMENINO,DERECHO,18,260.53533324702516,2.0930177701508805,2
781,Estudiante 781,FEMENINO,ADMINISTRACION DE EMPRESAS,28,216.64528054429076,2.7108993545430855,1
782,Estudiante 782,FEMENINO,PSICOLOGIA,30,337.5945339697139,3.2719408618938064,0
783,Estudiante 783,MASCULINO,MEDICINA,17,306.0931117117625,3.067150190152468,0
784,Estudiante 784,MASCULINO,DERECHO,26,224.9202560743817,3.411316097871729,1
785,Estudiante 785,MASCULINO,MEDICINA,19,413.830402745827,4.167722084461098,1
786,Estudiante 786,FEMENINO,ADMINISTRACION DE EMPRESAS,34,328.09887355154484,3.6430884868183586,0
787,Estudiante 787,FEMENINO,MEDICINA,32,330.15450180563187,2.9964077589323246,0
788,Estudiante 788,MASCULINO,INGENIERIA DE SISTEMAS,18,361.46179886529217,4.312664643670566,0
789,Estudiante 789,MASCULINO,DERECHO,33,273.8629221219074,2.6426856580734857,0
790,Estudiante 790,FEMENINO,MEDICINA,23,305.8704350439905,3.63313010526326,0
791,Estudiante 791,MASCULINO,ADMINISTRACION DE EMPRESAS,34,240.63051387991067,2.575948414992977,2
792,Estudiante 792,FEMENINO,ADMINISTRACION DE EMPRESAS,20,272.6423198721667,3.6513907434383235,1
793,Estudiante 793,FEMENINO,MEDICINA,22,317.3547000211157,3.3088235576644416,0
794,Estudiante 794,FEMENINO,ADMINISTRACION DE EMPRESAS,23,225.06218997903966,4.149342746915821,0
795,Estudiante 795,MASCULINO,PSICOLOGIA,20,271.36697044448636,3.932413682716538,0
796,Estudiante 796,FEMENINO,PSICOLOGIA,32,258.2429718028026,3.1477164008050025,0
797,Estudiante 797,FEMENINO,PSICOLOGIA,20,306.3941510529155,3.032636215510255,0
798,Estudiante 798,FEMENINO,INGENIERIA DE SISTEMAS,19,325.8615567749407,3.3109419601807346,1
799,Estudiante 799,FEMENINO,MEDICINA,34,333.3968761969406,4.6253428760206035,0
800,Estudiante 800,FEMENINO,INGENIERIA DE SISTEMAS,17,344.9467490150168,4.471441088664848,0
801,Estudiante 801,FEMENINO,ADMINISTRACION DE EMPRESAS,26,361.7452580957567,2.91903908877881,0
802,Estudiante 802,MASCULINO,INGENIERIA DE SISTEMAS,28,327.32604541575324,3.980135202800809,0
803,Estudiante 803,FEMENINO,ADMINISTRACION DE EMPRESAS,30,384.9301154502487,2.4611411426616407,1
804,Estudiante 804,FEMENINO,ADMINISTRACION DE EMPRESAS,27,305.3776134569107,3.231594523365581,1
805,Estudiante 805,MASCULINO,DERECHO,26,292.20054805872536,2.943461388282525,0
806,Estudiante 806,FEMENINO,PSICOLOGIA,22,327.3288313512018,4.141567674543465,1
807,Estudiante 807,FEMENINO,ADMINISTRACION DE EMPRESAS,20,290.2614971253335,2.7255694881269528,0
808,Estudiante 808,FEMENINO,DERECHO,32,383.3654127948772,3.7576101412534832,0
809,Estudiante 809,MASCULINO,PSICOLOGIA,24,350.89425629108456,3.500426072939578,0
810,Estudiante 810,MASCULINO,ADMINISTRACION DE EMPRESAS,29,333.7625164889781,3.3947307021622937,0
811,Estudiante 811,FEMENINO,ADMINISTRACION DE EMPRESAS,27,305.9138704818608,4.502949770446639,0
812,Estudiante 812,FEMENINO,INGENIERIA DE SISTEMAS,21,281.66352728633115,4.555818315400587,2
813,Estudiante 813,MASCULINO,INGENIERIA DE SISTEMAS,32,331.5596252055492,3.4133643089282173,0
814,Estudiante 814,FEMENINO,PSICOLOGIA,34,249.28061466688683,3.2924502196400036,1
815,Estudiante 815,FEMENINO,ADMINISTRACION DE EMPRESAS,34,369.04635900484595,2.5958760087180996,2
816,Estudiante 816,FEMENINO,MEDICINA,31,292.0063482576582,3.497444607656474,0
817,Estudiante 817,FEMENINO,INGENIERIA DE SISTEMAS,27,313.7298029958328,4.671981953447594,1
818,Estudiante 818,MASCULINO,PSICOLOGIA,27,259.067951571302,3.422758796283246,1
819,Estudiante 819,MASCULINO,ADMINISTRACION DE EMPRESAS,21,332.534381840365,3.937255569886268,0
820,Estudiante 820,MASCULINO,ADMINISTRACION DE EMPRESAS,19,279.58162742227523,2.6615016056484415,0
821,Estudiante 821,FEMENINO,MEDICINA,21,329.2152955637294,3.239135042159839,1
822,Estudiante 822,MASCULINO,PSICOLOGIA,26,334.0827061039825,3.7774791834815904,0
823,Estudiante 823,MASCULINO,ADMINISTRACION DE EMPRESAS,16,270.8565548885157,3.5635174388288315,2
824,Estudiante 824,MASCULINO,INGENIERIA DE SISTEMAS,30,249.44118955887024,3.994800400646337,0
825,Estudiante 825,FEMENINO,MEDICINA,26,368.9354962445045,3.1383968692648017,2
826,Estudiante 826,FEMENINO,PSICOLOGIA,34,291.3465434686913,2.450006870705801,1
827,Estudiante 827,MASCULINO,MEDICINA,33,310.1181967220537,4.1732541381933626,1
828,Estudiante 828,MASCULINO,INGENIERIA DE SISTEMAS,32,321.8459036091034,2.938310426437455,0
829,Estudiante 829,FEMENINO,PSICOLOGIA,34,243.58349415458008,3.8039624165011903,0
830,Estudiante 830,MASCULINO,MEDICINA,29,320.81997615689494,3.770514119893049,1
831,Estudiante 831,MASCULINO,DERECHO,33,304.4606941269587,2.501748082980805,0
832,Estudiante 832,MASCULINO,INGENIERIA DE SISTEMAS,34,271.0411186033024,4.129475250344015,0
833,Estudiante 833,MASCULINO,INGENIERIA DE SISTEMAS,30,247.9558806823022,3.1600596832826184,1
834,Estudiante 834,MASCULINO,INGENIERIA DE SISTEMAS,30,327.26484965807714,3.533032773192177,1
835,Estudiante 835,FEMENINO,DERECHO,19,350.7470403687696,3.285090461620666,1
836,Estudiante 836,MASCULINO,DERECHO,22,308.03657328267616,4.473554901339745,0
837,Estudiante 837,FEMENINO,ADMINISTRACION DE EMPRESAS,28,235.4490596167641,4.306094124910437,0
838,Estudiante 838,MASCULINO,MEDICINA,18,252.42002322713714,2.412599249737567,1
839,Estudiante 839,FEMENINO,ADMINISTRACION DE EMPRESAS,31,280.5544330804176,4.855296273144913,2
840,Estudiante 840,FEMENINO,MEDICINA,24,370.4078883522337,3.0930159604908822,1
841,Estudiante 841,MASCULINO,DERECHO,23,288.8962202055506,4.761462006189102,1
842,Estudiante 842,FEMENINO,DERECHO,28,278.914398474081,3.3462742567160095,1
843,Estudiante 843,MASCULINO,ADMINISTRACION DE EMPRESAS,32,224.69318401457483,3.295449976344839,1
844,Estudiante 844,FEMENINO,PSICOLOGIA,32,270.449184445045,3.3516033601533066,0
845,Estudiante 845,MASCULINO,ADMINISTRACION DE EMPRESAS,32,244.51786407041266,3.2595262130123057,0
846,Estudiante 846,MASCULINO,MEDICINA,16,254.856907608474,5.0,1
847,Estudiante 847,MASCULINO,ADMINISTRACION DE EMPRESAS,23,305.39778060714343,3.4541820804076195,1
848,Estudiante 848,FEMENINO,INGENIERIA DE SISTEMAS,34,281.94761074749704,3.318622140476786,0
849,Estudiante 849,FEMENINO,MEDICINA,21,376.4772503702105,3.5462064544957665,1
850,Estudiante 850,FEMENINO,MEDICINA,18,348.51015177183643,2.919598881845177,2
851,Estudiante 851,MASCULINO,PSICOLOGIA,20,272.60022279853473,4.45827232057415,0
852,Estudiante 852,FEMENINO,DERECHO,28,258.7431971216768,2.6173514985841213,0
853,Estudiante 853,MASCULINO,MEDICINA,30,362.21888710488867,3.131594835757157,0
854,Estudiante 854,FEMENINO,DERECHO,29,374.70191202675676,4.061996185908075,1
855,Estudiante 855,MASCULINO,ADMINISTRACION DE EMPRESAS,31,201.25882904045105,3.525411278460459,0
856,Estudiante 856,MASCULINO,INGENIERIA DE SISTEMAS,33,304.1785930787266,3.8295291095000277,0
857,Estudiante 857,MASCULINO,PSICOLOGIA,26,288.6654761446473,4.419898470011258,0
858,Estudiante 858,MASCULINO,DERECHO,18,329.21040630269715,4.1022809289994875,0
859,Estudiante 859,FEMENINO,MEDICINA,25,387.4200655872677,3.5824858070846872,2
860,Estudiante 860,MASCULINO,DERECHO,25,278.2174341302491,4.7536055899110785,1
861,Estudiante 861,FEMENINO,MEDICINA,31,207.26856684012387,3.1229983107222603,1
862,Estudiante 862,MASCULINO,DERECHO,27,326.0553465067169,3.439814215404468,0
863,Estudiante 863,FEMENINO,MEDICINA,17,362.5483830871891,3.48173580109834,0
864,Estudiante 864,MASCULINO,ADMINISTRACION DE EMPRESAS,24,286.3308098316101,3.4385469403898123,0
865,Estudiante 865,MASCULINO,MEDICINA,18,268.2733133937152,2.8584736058233036,1
866,Estudiante 866,FEMENINO,MEDICINA,30,280.32332675800353,2.549810104903701,1
867,Estudiante 867,MASCULINO,INGENIERIA DE SISTEMAS,18,338.25924152090556,3.750320944627516,0
868,Estudiante 868,MASCULINO,MEDICINA,34,279.54925764217586,3.1199157286696058,1
869,Estudiante 869,FEMENINO,INGENIERIA DE SISTEMAS,33,314.79421351542805,4.6446852733887685,0
870,Estudiante 870,FEMENINO,PSICOLOGIA,23,301.2511312082973,3.4564746060588565,0
871,Estudiante 871,MASCULINO,INGENIERIA DE SISTEMAS,32,296.60791744097554,3.3491064455051056,1
872,Estudiante 872,MASCULINO,ADMINISTRACION DE EMPRESAS,23,331.5581547038505,4.156603871841592,0
873,Estudiante 873,FEMENINO,INGENIERIA DE SISTEMAS,22,278.46390450611125,3.741315582468633,2
874,Estudiante 874,MASCULINO,PSICOLOGIA,22,280.62360479179745,3.394689543327771,1
875,Estudiante 875,MASCULINO,ADMINISTRACION DE EMPRESAS,18,335.8921282499889,3.115560951341334,1
876,Estudiante 876,MASCULINO,DERECHO,16,255.58836041241062,5.0,0
877,Estudiante 877,FEMENINO,DERECHO,19,260.3900914129953,3.717071457357043,2
878,Estudiante 878,FEMENINO,INGENIERIA DE SISTEMAS,20,243.2858568895383,4.150657746430638,0
879,Estudiante 879,MASCULINO,INGENIERIA DE SISTEMAS,16,338.2054910974449,2.886232687859903,0
880,Estudiante 880,MASCULINO,PSICOLOGIA,30,295.26433643634294,3.153208768145795,0
881,Estudiante 881,MASCULINO,PSICOLOGIA,20,240.88731842644202,4.767407532974173,0
882,Estudiante 882,FEMENINO,MEDICINA,28,338.4213853039081,4.338158563613381,0
883,Estudiante 883,MASCULINO,PSICOLOGIA,23,275.0006027291054,3.77457326223997,0
884,Estudiante 884,MASCULINO,MEDICINA,23,260.77448645234017,3.271057464921786,0
885,Estudiante 885,FEMENINO,ADMINISTRACION DE EMPRESAS,20,291.19446485053714,3.3595785368260547,0
886,Estudiante 886,MASCULINO,INGENIERIA DE SISTEMAS,24,366.5425624260551,3.0943335588463228,1
887,Estudiante 887,FEMENINO,ADMINISTRACION DE EMPRESAS,16,282.22670115765436,2.805890401916815,2
888,Estudiante 888,MASCULINO,PSICOLOGIA,19,325.8902488852013,4.054306510556609,2
889,Estudiante 889,MASCULINO,ADMINISTRACION DE EMPRESAS,18,332.71860092029294,3.823298733675235,1
890,Estudiante 890,MASCULINO,ADMINISTRACION DE EMPRESAS,17,319.9472984102883,3.941647289805364,0
891,Estudiante 891,FEMENINO,ADMINISTRACION DE EMPRESAS,23,357.1982242353418,3.2978612072226414,0
892,Estudiante 892,FEMENINO,PSICOLOGIA,24,268.17977979154745,3.653383385079898,2
893,Estudiante 893,FEMENINO,ADMINISTRACION DE EMPRESAS,17,253.04993206273485,3.2407737410155195,0
894,Estudiante 894,MASCULINO,MEDICINA,29,252.16650047887524,3.063615162337816,1
895,Estudiante 895,FEMENINO,PSICOLOGIA,29,293.4989213115093,4.500237461685305,1
896,Estudiante 896,MASCULINO,ADMINISTRACION DE EMPRESAS,19,257.3829003971762,3.572904378104446,1
897,Estudiante 897,MASCULINO,PSICOLOGIA,21,306.6393410339398,3.8044726029719245,1
898,Estudiante 898,FEMENINO,DERECHO,26,303.4644788876202,4.001452408314501,1
899,Estudiante 899,MASCULINO,MEDICINA,18,345.83579864337185,3.5804245317398142,0
900,Estudiante 900,MASCULINO,ADMINISTRACION DE EMPRESAS,23,313.1014938706218,3.644379646415093,1
901,Estudiante 901,MASCULINO,DERECHO,18,281.27316648623486,2.848024893827776,0
902,Estudiante 902,MASCULINO,DERECHO,29,318.48821419947075,2.962330982938049,0
903,Estudiante 903,MASCULINO,PSICOLOGIA,28,253.64126910459265,2.931311146922932,1
904,Estudiante 904,FEMENINO,DERECHO,28,298.2836690389057,3.863275050092321,0
905,Estudiante 905,MASCULINO,MEDICINA,17,314.3730555118011,3.542534391693239,0
906,Estudiante 906,FEMENINO,MEDICINA,28,305.8192919167557,2.9623810617406474,1
907,Estudiante 907,FEMENINO,INGENIERIA DE SISTEMAS,34,318.6779292721193,3.848059304981124,0
908,Estudiante 908,MASCULINO,MEDICINA,21,271.0179292929244,3.8260738765724636,0
909,Estudiante 909,MASCULINO,DERECHO,31,351.8414131264282,3.083020405220381,1
910,Estudiante 910,MASCULINO,MEDICINA,17,381.9976027228068,3.4833034732224357,0
911,Estudiante 911,FEMENINO,PSICOLOGIA,23,227.87957348136325,3.828285005036286,0
912,Estudiante 912,MASCULINO,INGENIERIA DE SISTEMAS,32,245.29809018205884,2.984986787528346,1
913,Estudiante 913,FEMENINO,DERECHO,17,301.9387353610974,3.8397360589375706,2
914,Estudiante 914,MASCULINO,INGENIERIA DE SISTEMAS,25,288.45520587512067,3.680614162498137,1
915,Estudiante 915,FEMENINO,DERECHO,31,385.3385582597752,2.900480176699384,0
916,Estudiante 916,MASCULINO,PSICOLOGIA,21,309.89029455410076,3.631878040998861,0
917,Estudiante 917,MASCULINO,INGENIERIA DE SISTEMAS,17,362.66453641766805,3.7193891519935427,0
918,Estudiante 918,FEMENINO,ADMINISTRACION DE EMPRESAS,17,207.789425109588,3.1243993243167205,1
919,Estudiante 919,FEMENINO,DERECHO,28,336.6376267499558,3.1716298100802747,1
920,Estudiante 920,MASCULINO,ADMINISTRACION DE EMPRESAS,30,267.80174313337557,2.8949480414412863,0
921,Estudiante 921,FEMENINO,INGENIERIA DE SISTEMAS,17,267.0805843671154,3.2306006185256635,1
922,Estudiante 922,FEMENINO,ADMINISTRACION DE EMPRESAS,22,288.8238888114544,3.492750793737711,1
923,Estudiante 923,FEMENINO,ADMINISTRACION DE EMPRESAS,18,235.89373621210086,3.1732867047834077,0
924,Estudiante 924,FEMENINO,INGENIERIA DE SISTEMAS,23,319.92534863948333,2.6090672610536676,1
925,Estudiante 925,MASCULINO,PSICOLOGIA,29,308.5821735022558,3.0868471852180237,0
926,Estudiante 926,MASCULINO,ADMINISTRACION DE EMPRESAS,22,311.9786511684272,3.2496247359127985,2
927,Estudiante 927,MASCULINO,ADMINISTRACION DE EMPRESAS,22,339.9163959959808,3.990103225779351,1
928,Estudiante 928,FEMENINO,PSICOLOGIA,16,368.16519207873694,3.8568589488661584,0
929,Estudiante 929,FEMENINO,ADMINISTRACION DE EMPRESAS,32,283.6330027910604,4.001732647325001,0
930,Estudiante 930,MASCULINO,ADMINISTRACION DE EMPRESAS,24,321.4807787881413,3.0565886618006193,1
931,Estudiante 931,MASCULINO,ADMINISTRACION DE EMPRESAS,28,313.18446937507406,3.584930467447606,0
932,Estudiante 932,FEMENINO,MEDICINA,34,316.99265278480226,2.0461721005990796,0
933,Estudiante 933,FEMENINO,PSICOLOGIA,34,317.6668949009693,3.7573522389085934,0
934,Estudiante 934,FEMENINO,ADMINISTRACION DE EMPRESAS,32,371.57265050541776,3.8665386043404784,2
935,Estudiante 935,MASCULINO,PSICOLOGIA,25,279.3145409179818,3.2890248992834454,0
936,Estudiante 936,MASCULINO,DERECHO,25,231.3418843558343,3.6772578870330688,1
937,Estudiante 937,MASCULINO,DERECHO,19,268.59568041228505,2.5910454347779686,1
938,Estudiante 938,FEMENINO,ADMINISTRACION DE EMPRESAS,23,334.0770120090932,3.0193598057601054,0
939,Estudiante 939,MASCULINO,PSICOLOGIA,33,301.049827889123,3.9592695430593654,0
940,Estudiante 940,FEMENINO,PSICOLOGIA,29,278.95802967772516,3.8067519671237444,2
941,Estudiante 941,MASCULINO,PSICOLOGIA,33,251.55762292156612,3.2528872933731394,0
942,Estudiante 942,FEMENINO,MEDICINA,29,309.957875477874,3.9868173904428263,1
943,Estudiante 943,FEMENINO,DERECHO,30,329.0027823873214,3.5829788700799465,0
944,Estudiante 944,FEMENINO,PSICOLOGIA,19,313.7642424793213,3.1974674216467043,0
945,Estudiante 945,MASCULINO,PSICOLOGIA,28,288.6001350980274,3.390303613638024,0
946,Estudiante 946,MASCULINO,MEDICINA,23,306.59885779338583,3.2267493852130786,0
947,Estudiante 947,MASCULINO,MEDICINA,33,306.3379334950837,2.7897344295088833,0
948,Estudiante 948,FEMENINO,PSICOLOGIA,27,308.53636190479483,4.254011483541261,0
949,Estudiante 949,FEMENINO,INGENIERIA DE SISTEMAS,29,246.7062772041396,3.1591853400244454,0
950,Estudiante 950,FEMENINO,PSICOLOGIA,17,308.8796857776695,3.000583571421853,0
951,Estudiante 951,FEMENINO,PSICOLOGIA,33,280.17315891902126,2.5823910076919847,0
952,Estudiante 952,FEMENINO,MEDICINA,17,346.82783727043915,1.918419279446524,1
953,Estudiante 953,MASCULINO,MEDICINA,26,305.98133887876236,3.9208981208713922,1
954,Estudiante 954,FEMENINO,PSICOLOGIA,24,337.59656498203015,3.9761652122217273,1
955,Estudiante 955,MASCULINO,PSICOLOGIA,27,286.41983758276115,4.215823150756825,1
956,Estudiante 956,MASCULINO,PSICOLOGIA,32,288.0428773074844,3.4105764102978906,1
957,Estudiante 957,FEMENINO,MEDICINA,30,367.24130608153496,3.306804483623843,1
958,Estudiante 958,MASCULINO,PSICOLOGIA,32,319.6350834786979,3.1953661320181155,0
959,Estudiante 959,MASCULINO,PSICOLOGIA,33,267.84684604174174,3.2500654220970784,0
960,Estudiante 960,FEMENINO,ADMINISTRACION DE EMPRESAS,21,340.3638497379213,4.171874210444113,2
961,Estudiante 961,MASCULINO,INGENIERIA DE SISTEMAS,32,276.00128699574583,3.484090850762625,0
962,Estudiante 962,FEMENINO,DERECHO,33,310.15641620151854,3.7268424776008415,0
963,Estudiante 963,MASCULINO,INGENIERIA DE SISTEMAS,23,382.6503583886732,3.234795900823758,1
964,Estudiante 964,MASCULINO,ADMINISTRACION DE EMPRESAS,24,235.59229255628756,4.292508743732425,1
965,Estudiante 965,MASCULINO,DERECHO,21,292.08981352050586,2.3571566723391566,1
966,Estudiante 966,MASCULINO,PSICOLOGIA,20,318.37222384059135,2.7676854951691725,0
967,Estudiante 967,FEMENINO,ADMINISTRACION DE EMPRESAS,27,334.41142505991036,3.7278263145407347,0
968,Estudiante 968,MASCULINO,PSICOLOGIA,26,244.14447416876072,4.5503664507385615,1
969,Estudiante 969,FEMENINO,MEDICINA,16,230.8894379141242,3.3649398801447377,0
970,Estudiante 970,MASCULINO,ADMINISTRACION DE EMPRESAS,26,349.0837208395692,2.9945775165635937,0
971,Estudiante 971,FEMENINO,MEDICINA,34,267.5813314438273,4.100397623095006,0
972,Estudiante 972,FEMENINO,ADMINISTRACION DE EMPRESAS,24,265.6972871401208,3.69421906520894,1
973,Estudiante 973,FEMENINO,ADMINISTRACION DE EMPRESAS,17,369.7612352747475,4.274128287196547,0
974,Estudiante 974,MASCULINO,MEDICINA,27,303.13660416293203,2.725789349153395,0
975,Estudiante 975,MASCULINO,DERECHO,19,303.43072024567084,4.227001091606556,1
976,Estudiante 976,MASCULINO,INGENIERIA DE SISTEMAS,19,291.90902496818103,2.570925525939037,2
977,Estudiante 977,FEMENINO,PSICOLOGIA,33,244.92080699655736,3.3270967123070796,0
978,Estudiante 978,MASCULINO,ADMINISTRACION DE EMPRESAS,30,330.4063627227475,3.747669651694356,1
979,Estudiante 979,FEMENINO,PSICOLOGIA,34,318.42527348665305,3.6116080269194564,0
980,Estudiante 980,FEMENINO,MEDICINA,28,307.59110964027445,4.13635540158942,0
981,Estudiante 981,MASCULINO,PSICOLOGIA,34,294.7654632325684,2.404003989794466,0
982,Estudiante 982,FEMENINO,MEDICINA,32,286.84561577977706,3.584604487819422,2
983,Estudiante 983,MASCULINO,PSICOLOGIA,21,341.0617525296337,4.219785219670368,0
984,Estudiante 984,MASCULINO,INGENIERIA DE SISTEMAS,31,293.64181215572575,3.535576536243258,0
985,Estudiante 985,FEMENINO,INGENIERIA DE SISTEMAS,27,297.11725326597497,2.8145961921399785,0
986,Estudiante 986,FEMENINO,INGENIERIA DE SISTEMAS,34,323.8451919697698,4.104504436895992,0
987,Estudiante 987,FEMENINO,INGENIERIA DE SISTEMAS,20,309.35824188061736,3.1110138379137826,1
988,Estudiante 988,MASCULINO,INGENIERIA DE SISTEMAS,32,373.9024225893197,3.005406192762273,1
989,Estudiante 989,MASCULINO,INGENIERIA DE SISTEMAS,16,220.7384950137013,2.929918548269896,0
990,Estudiante 990,FEMENINO,MEDICINA,25,313.4958347265268,3.3807889322306224,0
991,Estudiante 991,FEMENINO,ADMINISTRACION DE EMPRESAS,30,268.2477398787524,3.6098361322237222,0
992,Estudiante 992,FEMENINO,PSICOLOGIA,26,257.6061059360282,2.738539967178152,0
993,Estudiante 993,MASCULINO,INGENIERIA DE SISTEMAS,28,279.4321107280044,2.8618124739620336,1
994,Estudiante 994,FEMENINO,MEDICINA,20,302.4605733816793,3.0833102744826695,2
995,Estudiante 995,MASCULINO,MEDICINA,16,304.45810841655344,2.927006811268016,0
996,Estudiante 996,MASCULINO,MEDICINA,27,231.7212202944678,3.522054935929658,0
997,Estudiante 997,FEMENINO,ADMINISTRACION DE EMPRESAS,26,275.65122766449815,3.716732957840528,1
998,Estudiante 998,MASCULINO,PSICOLOGIA,32,312.65496981644065,3.6343242861599556,1
999,Estudiante 999,FEMENINO,ADMINISTRACION DE EMPRESAS,19,260.53812971473553,3.6351991332486815,2
1000,Estudiante 1000,MASCULINO,DERECHO,30,249.8347242877568,4.5025950291731665,0
